Frame,Emotion,Emotion_Confidence,Pose_Roll,Pose_Yaw,Pose_Pitch,Eye_Yaw,Eye_Pitch
0,CALM,77.8515625,-2.168024778366089,-3.687483787536621,2.4745330810546875,-7.700710773468018,-3.6776914596557617
1,CALM,52.925785064697266,-2.0459697246551514,-3.627436399459839,2.53395938873291,-7.54870080947876,-4.17836856842041
2,SURPRISED,74.03351593017578,-2.6590704917907715,-3.5465004444122314,2.6609153747558594,-7.748859405517578,-3.8920249938964844
3,SURPRISED,94.53467559814453,-3.028141736984253,-3.5037612915039062,2.956967830657959,-5.856567859649658,-4.751001358032227
4,SURPRISED,98.97203826904297,-2.8281641006469727,-3.4070887565612793,3.1792376041412354,-6.234347343444824,-5.2499260902404785
5,SURPRISED,99.58881378173828,-3.0760886669158936,-3.3122406005859375,3.0312912464141846,-5.860586643218994,-5.912344932556152
6,SURPRISED,99.76014709472656,-2.815406322479248,-3.1279187202453613,2.4260923862457275,-5.7311787605285645,-7.512694358825684
7,SURPRISED,99.5202865600586,-2.790736675262451,-3.000124216079712,2.5264577865600586,-5.723230838775635,-8.692042350769043
8,SURPRISED,97.63568878173828,-2.954367160797119,-2.613722324371338,3.210874557495117,-5.306234836578369,-8.024622917175293
9,CALM,92.32701110839844,-3.13547420501709,-2.8900294303894043,3.9509434700012207,-6.002964019775391,-7.722593784332275
10,CALM,98.74442291259766,-2.9779787063598633,-2.6486563682556152,4.173885345458984,-5.893174171447754,-8.585550308227539
11,CALM,99.0234375,-2.9621572494506836,-2.720080614089966,4.1550798416137695,-5.6064605712890625,-8.389641761779785
12,CALM,98.46540069580078,-2.635037660598755,-2.7584102153778076,3.7334506511688232,-5.605274677276611,-7.951054096221924
13,CALM,97.00055694580078,-2.8923678398132324,-2.5643563270568848,4.356810569763184,-5.863889217376709,-7.899456977844238
14,CALM,93.72209930419922,-2.9635181427001953,-2.3622026443481445,4.199217319488525,-5.81001615524292,-7.258761882781982
15,CALM,47.92875671386719,-2.8772244453430176,-2.1488633155822754,3.867067575454712,-6.082150936126709,-7.349196434020996
16,SURPRISED,70.76518249511719,-2.587549924850464,-1.9777295589447021,3.748206853866577,-6.216635227203369,-7.144373416900635
17,SURPRISED,79.50699615478516,-2.498913288116455,-1.8078184127807617,3.557112216949463,-6.290747165679932,-6.885309219360352
18,SURPRISED,78.56193542480469,-2.5579094886779785,-2.017561435699463,3.4364540576934814,-6.119780540466309,-6.856589317321777
19,SURPRISED,78.68006896972656,-2.5074961185455322,-1.9873199462890625,3.17208194732666,-6.224423408508301,-6.448118209838867
20,SURPRISED,77.65625,-2.3703227043151855,-1.8446155786514282,2.828632354736328,-6.309410095214844,-6.305265426635742
21,SURPRISED,95.5455093383789,-2.5045506954193115,-2.0455074310302734,2.4669344425201416,-5.9048638343811035,-6.631019115447998
22,SURPRISED,98.74931335449219,-2.3503963947296143,-2.007429599761963,1.5743623971939087,-5.175843238830566,-6.257739543914795
23,SURPRISED,99.12622833251953,-2.2526426315307617,-1.9768271446228027,1.1339530944824219,-4.299246311187744,-6.024279594421387
24,SURPRISED,99.09197235107422,-2.4583513736724854,-1.992342472076416,0.9112942814826965,-4.797638416290283,-6.257737636566162
25,SURPRISED,69.56365966796875,-2.2191953659057617,-1.7215653657913208,0.809565544128418,-3.9197230339050293,-6.483700752258301
26,CALM,99.16294860839844,-2.474921703338623,-1.604817271232605,0.7118281722068787,-4.365414142608643,-7.328972339630127
27,CALM,99.16294860839844,-2.35343337059021,-1.612255334854126,0.9840142726898193,-4.203117370605469,-7.127902030944824
28,CALM,99.16294860839844,-2.4724314212799072,-1.5005688667297363,1.5440000295639038,-4.532766819000244,-7.348543643951416
29,SURPRISED,69.37193298339844,-2.5004096031188965,-1.520675778388977,1.891274333000183,-4.252248764038086,-6.246784210205078
30,SURPRISED,94.34622192382812,-2.500485420227051,-1.481880784034729,1.7295958995819092,-4.4721293449401855,-5.747479438781738
31,SURPRISED,89.3984375,-2.8646230697631836,-1.0919839143753052,2.070004940032959,-3.3578381538391113,-6.235474109649658
32,CALM,47.64973831176758,-3.046128988265991,-0.8980169892311096,2.5119447708129883,-3.6478147506713867,-6.378476619720459
33,CALM,84.833984375,-3.1009111404418945,-0.8342517614364624,2.791278123855591,-3.3694007396698,-6.353867053985596
34,CALM,64.1796875,-3.055767297744751,-0.8262695074081421,2.985991954803467,-3.493863105773926,-6.504662036895752
35,CALM,55.953128814697266,-3.127427577972412,-0.8020775318145752,3.179255723953247,-3.589327096939087,-6.395786762237549
36,CALM,55.269535064697266,-3.35150146484375,-0.9365517497062683,3.185946464538574,-3.408153772354126,-6.266591548919678
37,CALM,80.0732421875,-3.338972806930542,-0.8949893116950989,2.7912001609802246,-3.2745273113250732,-6.761402606964111
38,CALM,87.1533203125,-3.5219030380249023,-0.55107182264328,2.9816882610321045,-3.858596086502075,-7.033430099487305
39,CALM,91.69921875,-3.837289333343506,-0.7321151494979858,3.3650455474853516,-4.029118061065674,-7.488262176513672
40,CALM,90.86216735839844,-4.062983512878418,-0.49418097734451294,3.161268949508667,-4.091281414031982,-7.337621212005615
41,CALM,82.94189453125,-4.424158573150635,-0.4202452600002289,2.598433017730713,-3.9543232917785645,-6.910758018493652
42,CALM,91.07142639160156,-4.339317798614502,-0.7885689735412598,1.7999039888381958,-3.9422082901000977,-8.137516021728516
43,CALM,99.44196319580078,-4.8340606689453125,-0.7430060505867004,1.8792284727096558,-3.6604490280151367,-8.981654167175293
44,CALM,99.30245208740234,-4.764323711395264,-0.8045634031295776,2.3138656616210938,-3.813509702682495,-8.893698692321777
45,CALM,99.58147430419922,-4.575711250305176,-1.0439001321792603,2.988079071044922,-3.834125518798828,-8.795455932617188
46,CALM,95.81473541259766,-4.421878337860107,-1.332383632659912,3.7217905521392822,-4.114813804626465,-8.40075397491455
47,CALM,92.60602569580078,-4.560499668121338,-1.0645861625671387,4.047145366668701,-4.0452752113342285,-8.160467147827148
48,CALM,92.1875,-4.693210124969482,-1.1106752157211304,3.726630687713623,-3.7031421661376953,-8.292352676391602
49,CALM,91.35044860839844,-4.58544921875,-1.0835682153701782,2.7301406860351562,-3.6536166667938232,-7.922677516937256
50,CALM,91.07142639160156,-4.801818370819092,-0.9918792247772217,2.677422046661377,-3.4957284927368164,-7.804853439331055
51,CALM,86.4208984375,-5.006659030914307,-0.7592353820800781,2.4837236404418945,-3.6716220378875732,-7.450926780700684
52,SURPRISED,76.55368041992188,-5.192144393920898,-0.538696825504303,2.0944082736968994,-3.9388186931610107,-7.5158820152282715
53,SURPRISED,95.33991241455078,-5.192664623260498,-0.49498459696769714,2.098252773284912,-4.082313060760498,-7.437920570373535
54,SURPRISED,97.84127807617188,-5.043972015380859,-0.7449113130569458,2.3538126945495605,-4.276082515716553,-7.276291370391846
55,SURPRISED,99.26329040527344,-5.161413669586182,-0.7611290216445923,2.785979747772217,-4.491384983062744,-7.56215238571167
56,SURPRISED,99.69161224365234,-5.524123668670654,-1.000020980834961,3.4262490272521973,-4.640124320983887,-8.033108711242676
57,SURPRISED,99.8629379272461,-6.18630838394165,-1.1579375267028809,3.6810483932495117,-3.932011127471924,-8.228111267089844
58,SURPRISED,99.89720916748047,-6.457677364349365,-1.0673922300338745,3.485015392303467,-3.6731066703796387,-8.210270881652832
59,SURPRISED,99.8629379272461,-6.5058913230896,-0.8384407758712769,2.9742960929870605,-3.2483227252960205,-8.494970321655273
60,SURPRISED,99.8629379272461,-6.530771732330322,-0.5401120185852051,2.3984181880950928,-4.884430408477783,-7.63133430480957
61,SURPRISED,99.79440307617188,-6.252203941345215,-0.8652026057243347,2.270907163619995,-4.704440116882324,-8.515339851379395
62,SURPRISED,98.83497619628906,-6.071408748626709,-1.4697753190994263,1.8273314237594604,-4.3930439949035645,-8.904362678527832
63,SURPRISED,81.048828125,-5.349143028259277,-1.2568477392196655,1.9858654737472534,-3.779484748840332,-7.870327472686768
64,CALM,45.69661331176758,-4.984912395477295,-1.1329147815704346,1.3224573135375977,-4.021996021270752,-6.720878601074219
65,CALM,48.13801956176758,-4.655707836151123,-0.9967404007911682,1.0727180242538452,-3.2287027835845947,-6.425018310546875
66,CALM,64.1796875,-4.8375067710876465,-0.9905341267585754,1.1263673305511475,-3.4629814624786377,-6.395906925201416
67,CALM,74.677734375,-4.6328582763671875,-0.8380310535430908,0.6929632425308228,-1.3392282724380493,-6.229201316833496
68,CALM,90.72265625,-4.3394293785095215,-0.690058708190918,0.42270275950431824,-1.389490008354187,-6.384202003479004
69,CALM,97.41908264160156,-4.219105243682861,-0.6230770945549011,0.3374774754047394,-1.2344261407852173,-6.363000869750977
70,CALM,97.69810485839844,-4.158015727996826,-0.49405115842819214,0.3334091305732727,-1.4803656339645386,-6.368356227874756
71,CALM,98.32588958740234,-3.9294748306274414,-0.19443190097808838,-0.29484882950782776,-1.5965354442596436,-5.919857501983643
72,CALM,98.88392639160156,-3.7112245559692383,-0.1358976811170578,-0.32507985830307007,-1.7388713359832764,-6.268431186676025
73,CALM,98.88392639160156,-3.2437586784362793,0.46132296323776245,-0.6699809432029724,-2.4202258586883545,-5.587210178375244
74,CALM,98.046875,-3.125533103942871,0.572091281414032,-0.4592019319534302,-2.4882164001464844,-5.357635974884033
75,CALM,98.32588958740234,-2.835028886795044,0.6896911263465881,-0.20095105469226837,-2.9158358573913574,-5.1391706466674805
76,CALM,97.41908264160156,-2.6848957538604736,0.822615385055542,-0.10068865120410919,-2.0264503955841064,-5.1515679359436035
77,CALM,93.23381805419922,-2.7328927516937256,0.914732038974762,0.12132929265499115,-2.100668430328369,-4.994175910949707
78,CALM,82.392578125,-2.9618582725524902,1.1253668069839478,-0.019844012334942818,-2.1035709381103516,-4.886894226074219
79,SURPRISED,60.3988037109375,-2.9367294311523438,1.2461122274398804,-0.20693671703338623,-1.811078429222107,-5.262208938598633
80,SURPRISED,88.470703125,-3.1892666816711426,1.1901789903640747,0.11073533445596695,-1.4052550792694092,-5.327545642852783
81,SURPRISED,73.71849822998047,-3.2277371883392334,0.8495714068412781,0.21488051116466522,-1.302538514137268,-5.1611714363098145
82,CALM,90.58314514160156,-3.3866019248962402,0.6817742586135864,0.5498786568641663,-1.0178718566894531,-5.5829877853393555
83,CALM,97.69810485839844,-3.5712506771087646,0.49377164244651794,0.8141829967498779,-0.7049760818481445,-6.349570274353027
84,CALM,88.31298828125,-3.7480204105377197,0.20443116128444672,1.0917108058929443,-0.37945547699928284,-6.984807014465332
85,CALM,62.71484375,-3.882730484008789,0.04339943826198578,1.5981473922729492,-0.4891771972179413,-7.392883777618408
86,CALM,83.79638671875,-4.3168768882751465,-0.3666090667247772,1.7483450174331665,-0.26257818937301636,-7.847148418426514
87,CALM,86.54296875,-4.428443431854248,-0.5350109338760376,2.0829684734344482,-0.2878192365169525,-7.624300956726074
88,CALM,51.119144439697266,-4.457768440246582,-0.4113909602165222,2.5439794063568115,-0.3133820593357086,-7.913204669952393
89,CALM,44.138763427734375,-4.332113742828369,-0.3830212652683258,2.9710147380828857,-0.2524120807647705,-8.076577186584473
90,SURPRISED,77.1837158203125,-4.224891185760498,-0.29770609736442566,2.8847649097442627,-0.017855428159236908,-7.687670707702637
91,SURPRISED,93.455322265625,-4.248599052429199,-0.26730823516845703,2.53444504737854,-0.22250837087631226,-7.851415634155273
92,SURPRISED,91.98190307617188,-4.412582874298096,-0.3604969382286072,2.796306610107422,-0.12722796201705933,-7.679564476013184
93,SURPRISED,84.41796875,-4.476478576660156,-0.22487138211727142,2.946227788925171,-0.11450599133968353,-8.066100120544434
94,SURPRISED,76.98683166503906,-4.530399799346924,-0.24731439352035522,2.7552640438079834,-0.15054580569267273,-8.078302383422852
95,SURPRISED,87.25,-4.636988639831543,-0.27738502621650696,3.0983173847198486,-0.6284860372543335,-8.56102180480957
96,SURPRISED,92.6158218383789,-4.630502700805664,-0.31047603487968445,2.7570416927337646,-0.8329023718833923,-8.007193565368652
97,SURPRISED,98.14966583251953,-4.913978576660156,-0.5091239809989929,3.8477280139923096,-0.8156018853187561,-8.150494575500488
98,SURPRISED,98.86924743652344,-5.02897310256958,-0.44793567061424255,4.047624588012695,-0.8210625052452087,-8.05000114440918
99,SURPRISED,98.93777465820312,-4.930328845977783,-0.16919080913066864,3.8987767696380615,-0.8945026397705078,-8.287562370300293
100,SURPRISED,99.29756164550781,-5.088167190551758,-0.1921696960926056,4.221639156341553,-1.019516944885254,-8.457900047302246
101,SURPRISED,99.72587585449219,-5.054460525512695,0.19718413054943085,4.93104887008667,-0.9585097432136536,-8.887617111206055
102,SURPRISED,99.76014709472656,-4.817409515380859,0.5516353249549866,5.258378505706787,0.21449831128120422,-8.783516883850098
103,SURPRISED,99.29756164550781,-4.5231170654296875,0.9099292755126953,5.148085117340088,-0.598284900188446,-9.163525581359863
104,SURPRISED,81.244140625,-4.517918586730957,1.5183918476104736,5.137879371643066,-0.5273825526237488,-9.373024940490723
105,CALM,95.04743194580078,-4.4572343826293945,1.6092877388000488,4.995378494262695,0.053953010588884354,-9.59814453125
106,CALM,99.0234375,-4.27494478225708,1.2652859687805176,5.176877021789551,0.1704861968755722,-9.574026107788086
107,CALM,99.0234375,-4.316787242889404,1.291763424873352,4.880519390106201,0.027776338160037994,-9.75131893157959
108,CALM,97.69810485839844,-4.187146186828613,1.1007477045059204,4.516140937805176,-0.004695072770118713,-9.195080757141113
109,CALM,96.72154235839844,-4.362270355224609,1.6557036638259888,3.584721565246582,-0.16450591385364532,-9.348590850830078
110,CALM,84.77294921875,-4.372409343719482,1.9827659130096436,3.3852345943450928,-0.450231671333313,-9.16109561920166
111,CALM,54.195316314697266,-4.374566078186035,2.169125556945801,2.7743141651153564,-0.40149351954460144,-8.980546951293945
112,SURPRISED,77.93189239501953,-4.252628326416016,2.1800200939178467,2.3532731533050537,-0.6811668276786804,-8.807088851928711
113,SURPRISED,85.8828125,-4.1756110191345215,2.1358802318573,2.461125135421753,-0.4621660113334656,-8.836469650268555
114,SURPRISED,74.11227416992188,-4.202385902404785,2.2096004486083984,2.2725770473480225,-0.4415288269519806,-8.604665756225586
115,SURPRISED,63.530452728271484,-4.2947587966918945,2.1232926845550537,2.4284372329711914,-0.48987048864364624,-8.966509819030762
116,CALM,51.412113189697266,-4.373905181884766,1.9829963445663452,2.1949844360351562,-0.3324061334133148,-9.2938871383667
117,CALM,55.953128814697266,-4.515275001525879,1.9330087900161743,2.359701633453369,-0.503372848033905,-9.248321533203125
118,CALM,56.392581939697266,-4.576168537139893,1.8332366943359375,2.596384286880493,-1.7556034326553345,-9.060179710388184
119,SURPRISED,64.87258911132812,-4.586894989013672,1.7704546451568604,2.6767592430114746,-1.6977758407592773,-8.967262268066406
120,SURPRISED,80.462890625,-4.5505242347717285,1.662981390953064,3.0319671630859375,-1.2583240270614624,-9.530406951904297
121,SURPRISED,95.64830017089844,-4.483155727386475,1.5150415897369385,3.761225461959839,-1.3826607465744019,-9.673542976379395
122,SURPRISED,96.71052551269531,-4.498100757598877,1.2340830564498901,5.0205078125,-1.6448240280151367,-9.665851593017578
123,SURPRISED,98.37239074707031,-4.504145622253418,0.9670786261558533,6.984161376953125,-2.419231653213501,-10.123112678527832
124,SURPRISED,99.4517593383789,-4.324705123901367,0.6196332573890686,9.311657905578613,-0.9340334534645081,-10.993645668029785
125,SURPRISED,99.40035247802734,-4.060619354248047,0.33014363050460815,10.620495796203613,-0.7229398488998413,-11.420297622680664
126,SURPRISED,98.74931335449219,-3.993939161300659,-0.19136103987693787,11.623677253723145,-0.2173454761505127,-11.554818153381348
127,SURPRISED,87.396484375,-4.099203586578369,-0.4043184518814087,12.483734130859375,0.09885932505130768,-12.084635734558105
128,CALM,92.81529235839844,-4.136849880218506,-0.13297446072101593,11.860602378845215,-0.2669655680656433,-11.668183326721191
129,CALM,96.16350555419922,-3.7194206714630127,0.10277226567268372,11.020853996276855,-0.2574234902858734,-11.34708023071289
130,CALM,69.306640625,-3.5237278938293457,0.5852342247962952,9.444925308227539,-0.28528305888175964,-11.280008316040039
131,SURPRISED,73.994140625,-3.6027910709381104,0.7878209352493286,8.520432472229004,0.056310538202524185,-10.83450984954834
132,SURPRISED,78.4044189453125,-3.740161895751953,1.384066104888916,7.668417930603027,-0.3293820917606354,-10.204602241516113
133,CALM,48.92856979370117,-3.768590211868286,1.963232159614563,6.68264627456665,-0.16567747294902802,-10.149837493896484
134,CALM,64.912109375,-3.634819984436035,2.225555181503296,6.20131254196167,-0.3633073568344116,-9.848936080932617
135,CALM,82.880859375,-3.5737431049346924,2.4309496879577637,5.7129902839660645,-0.4934273958206177,-10.011332511901855
136,CALM,81.23291015625,-3.5248055458068848,2.237159252166748,5.254042148590088,-1.3609600067138672,-10.515711784362793
137,CALM,86.298828125,-3.6213464736938477,2.541276454925537,4.487229824066162,-1.6775391101837158,-9.661746978759766
138,CALM,96.09375,-3.6411077976226807,2.758544445037842,4.139910697937012,-1.4341825246810913,-9.670378684997559
139,CALM,98.32588958740234,-3.461271286010742,2.817157030105591,3.9616684913635254,-1.3319556713104248,-9.651788711547852
140,CALM,99.16294860839844,-3.427992343902588,2.649165153503418,3.6327521800994873,0.20585176348686218,-10.20550537109375
141,CALM,99.30245208740234,-3.451620101928711,2.8356552124023438,3.282189130783081,0.6441554427146912,-9.989761352539062
142,CALM,99.30245208740234,-3.331364393234253,2.780545473098755,2.6613006591796875,0.611111581325531,-9.655746459960938
143,CALM,99.30245208740234,-3.26596736907959,2.937257766723633,2.2985756397247314,0.46114933490753174,-9.123903274536133
144,CALM,99.30245208740234,-3.447636604309082,3.1213419437408447,2.071810483932495,0.4820716381072998,-8.71555233001709
145,CALM,98.046875,-3.630841016769409,3.1925246715545654,2.0365025997161865,0.014773255214095116,-8.0233154296875
146,CALM,95.25669860839844,-3.582610845565796,3.26365065574646,2.621849775314331,0.13190697133541107,-7.756486892700195
147,SURPRISED,80.0234375,-3.5634617805480957,3.100950002670288,3.2342135906219482,-0.15978078544139862,-8.637367248535156
148,SURPRISED,98.3895263671875,-3.4784810543060303,2.8719398975372314,3.8647241592407227,-0.11338996887207031,-9.307682991027832
149,SURPRISED,98.71504974365234,-3.449845552444458,2.834625244140625,4.478719234466553,-0.687754213809967,-9.080204010009766
150,SURPRISED,98.61225128173828,-3.6188154220581055,2.7102203369140625,4.591729640960693,-0.32708534598350525,-8.854162216186523
151,SURPRISED,96.12801361083984,-3.585179090499878,2.9816718101501465,4.817468166351318,-0.3740376830101013,-9.210907936096191
152,SURPRISED,61.31912612915039,-3.1340301036834717,3.118070363998413,5.241544246673584,-0.25551074743270874,-8.912707328796387
153,CALM,92.60602569580078,-3.1287150382995605,3.277778387069702,5.329359531402588,0.4923792779445648,-9.592757225036621
154,CALM,98.32588958740234,-3.0060105323791504,3.1353657245635986,5.659029483795166,0.26823189854621887,-9.359661102294922
155,CALM,97.90736389160156,-3.141763210296631,3.3760437965393066,5.6869025230407715,0.05557744577527046,-9.32662296295166
156,CALM,89.716796875,-3.083158254623413,3.6668598651885986,5.233085632324219,1.609200358390808,-9.090099334716797
157,CALM,94.34989166259766,-3.030614137649536,3.711122751235962,5.229665756225586,1.5620499849319458,-9.413862228393555
158,CALM,96.72154235839844,-2.8771841526031494,3.5391037464141846,6.080440521240234,1.6328155994415283,-9.795867919921875
159,CALM,99.58147430419922,-2.6699461936950684,3.424037456512451,6.226134777069092,1.4256958961486816,-10.241826057434082
160,CALM,99.44196319580078,-2.6502411365509033,3.6321561336517334,6.086652755737305,1.5485752820968628,-10.097416877746582
161,CALM,98.88392639160156,-2.9194037914276123,3.6914374828338623,5.893622875213623,1.5629947185516357,-9.890362739562988
162,CALM,94.48939514160156,-2.803321599960327,3.852480411529541,5.661908149719238,1.717361330986023,-9.429153442382812
163,CALM,48.85881805419922,-3.018935441970825,4.042135715484619,5.204970836639404,1.8648022413253784,-9.21657943725586
164,SURPRISED,93.6609115600586,-2.9923911094665527,3.855691432952881,5.216628074645996,1.0515230894088745,-9.199262619018555
165,SURPRISED,99.29756164550781,-2.643507957458496,3.7920382022857666,5.153862476348877,1.0584123134613037,-9.029354095458984
166,SURPRISED,99.40035247802734,-3.02072811126709,3.552133083343506,4.9212822914123535,1.1297094821929932,-9.82903003692627
167,SURPRISED,99.43462371826172,-3.1267340183258057,3.308241128921509,4.9752583503723145,1.1712379455566406,-9.950704574584961
168,SURPRISED,98.08113861083984,-3.2169320583343506,3.4781315326690674,4.725253582000732,1.497512936592102,-9.285035133361816
169,SURPRISED,73.87600708007812,-3.390934467315674,3.2956132888793945,4.362697601318359,1.686606764793396,-8.865394592285156
170,SURPRISED,66.71322631835938,-3.186537027359009,2.9581289291381836,3.90293288230896,1.6531139612197876,-8.921781539916992
171,SURPRISED,98.61225128173828,-3.3429453372955322,2.443389892578125,3.6969552040100098,1.1688528060913086,-9.30533218383789
172,SURPRISED,99.79440307617188,-3.4513113498687744,2.22875714302063,3.7067244052886963,1.0787792205810547,-9.373869895935059
173,SURPRISED,99.8629379272461,-3.606696844100952,2.224842071533203,3.787684679031372,1.3168257474899292,-8.91783332824707
174,SURPRISED,99.8629379272461,-3.7184994220733643,2.271031141281128,4.366044044494629,1.2673696279525757,-8.512166976928711
175,SURPRISED,99.8629379272461,-3.741758108139038,1.9628912210464478,5.33184289932251,0.8686414957046509,-8.074440956115723
176,SURPRISED,99.89720916748047,-4.588390827178955,0.8876024484634399,5.720066070556641,-6.072378158569336,-10.146171569824219
177,SURPRISED,99.93146514892578,-4.6680426597595215,-0.2521548271179199,5.374515056610107,-12.159017562866211,-10.863038063049316
178,SURPRISED,99.93146514892578,-4.573838233947754,-1.5011804103851318,5.1489949226379395,-11.941908836364746,-10.135522842407227
179,SURPRISED,99.93146514892578,-4.125048637390137,-2.582793712615967,5.363842487335205,-12.380782127380371,-9.726593017578125
180,SURPRISED,99.82867431640625,-3.776726722717285,-3.2564096450805664,4.863919258117676,-11.668866157531738,-9.147350311279297
181,SURPRISED,98.49232482910156,-3.733795404434204,-3.4415180683135986,4.5299296379089355,-11.733469009399414,-8.569801330566406
182,SURPRISED,91.17667388916016,-3.6824285984039307,-3.5105597972869873,4.348008632659912,-11.246264457702637,-8.740191459655762
183,CALM,68.818359375,-4.149345397949219,-3.917287826538086,4.263113021850586,-12.557875633239746,-7.58996057510376
184,CALM,91.2109375,-4.225955963134766,-4.0764689445495605,4.037227153778076,-11.414506912231445,-8.501279830932617
185,CALM,95.53571319580078,-4.43762731552124,-4.290620803833008,3.787186622619629,-11.48710823059082,-7.926295757293701
186,CALM,95.53571319580078,-4.357533931732178,-4.371067047119141,3.7646825313568115,-11.530306816101074,-8.106264114379883
187,CALM,97.00055694580078,-4.207001686096191,-4.723214149475098,4.039274215698242,-11.520055770874023,-7.811318397521973
188,CALM,97.55859375,-3.9555249214172363,-5.155494213104248,3.872342348098755,-11.18203067779541,-8.233092308044434
189,CALM,94.76841735839844,-4.063544750213623,-5.43440580368042,4.2296671867370605,-11.327404022216797,-8.154010772705078
190,CALM,93.44307708740234,-4.222468852996826,-5.422062397003174,4.720517158508301,-11.399270057678223,-8.322412490844727
191,CALM,87.51953125,-4.283641815185547,-5.583278656005859,4.3863019943237305,-11.47575569152832,-7.865138053894043
192,CALM,83.125,-4.291532039642334,-5.568447589874268,4.715975761413574,-11.441898345947266,-7.999773979187012
193,CALM,57.417972564697266,-4.343136787414551,-5.444302558898926,4.8433308601379395,-11.209595680236816,-7.8962321281433105
194,CALM,82.33154296875,-4.284866809844971,-5.484335422515869,4.917891502380371,-10.659107208251953,-7.951469898223877
195,CALM,65.15625,-4.500646591186523,-5.647658348083496,5.093304634094238,-10.179678916931152,-8.682311058044434
196,SURPRISED,65.9462890625,-4.564481735229492,-5.906419277191162,5.141861438751221,-10.860557556152344,-8.918127059936523
197,SURPRISED,96.04235076904297,-4.77709436416626,-5.9139485359191895,5.23193359375,-10.693046569824219,-9.073288917541504
198,SURPRISED,95.68256378173828,-4.703570365905762,-6.090860843658447,5.314736366271973,-10.572554588317871,-9.085110664367676
199,SURPRISED,93.95216369628906,-4.8794989585876465,-6.098114490509033,5.181380748748779,-10.185954093933105,-9.32077407836914
200,SURPRISED,68.8350830078125,-4.879860877990723,-6.350752353668213,5.360588073730469,-9.138737678527832,-12.150856018066406
201,CALM,98.46540069580078,-4.376126289367676,-6.861173629760742,5.7845048904418945,-5.500187873840332,-23.706401824951172
202,CALM,99.72098541259766,-4.091433525085449,-7.341855525970459,5.493046760559082,4.0738959312438965,-15.688685417175293
203,CALM,99.58147430419922,-3.799072742462158,-8.239623069763184,6.066447734832764,-2.458559513092041,-17.211929321289062
204,CALM,92.11774444580078,-3.7882602214813232,-9.14141845703125,6.237552165985107,-5.092767238616943,-20.425872802734375
205,SURPRISED,60.97400665283203,-3.7987890243530273,-10.030515670776367,6.783862113952637,-7.249515533447266,-16.7401180267334
206,SURPRISED,91.5535888671875,-3.5723323822021484,-10.648260116577148,7.178278923034668,-6.944145202636719,-14.475092887878418
207,SURPRISED,92.29029083251953,-3.285893440246582,-11.630496978759766,7.820616245269775,-6.653970241546631,-13.204976081848145
208,CALM,52.974613189697266,-3.092280387878418,-11.277726173400879,8.023427963256836,-6.776389122009277,-12.674765586853027
209,CALM,97.90736389160156,-3.0567662715911865,-10.901544570922852,8.129206657409668,-6.548418045043945,-12.265636444091797
210,CALM,99.0234375,-2.8417437076568604,-10.436039924621582,7.436234951019287,-6.2882609367370605,-12.063677787780762
211,CALM,98.88392639160156,-2.6766278743743896,-10.04712200164795,6.651830673217773,-6.953016757965088,-11.493650436401367
212,CALM,99.0234375,-2.86594557762146,-9.794925689697266,5.936854362487793,-5.478600978851318,-10.643064498901367
213,CALM,97.76786041259766,-2.754244804382324,-9.780618667602539,5.267343997955322,-5.592803001403809,-10.056050300598145
214,CALM,83.7353515625,-2.428978204727173,-9.490765571594238,3.475698709487915,-5.446850299835205,-9.841038703918457
215,CALM,83.43017578125,-2.642610788345337,-9.453312873840332,2.7677836418151855,-5.05564546585083,-9.641080856323242
216,CALM,81.59912109375,-2.7623186111450195,-9.12750244140625,2.32466459274292,-4.639094829559326,-9.212167739868164
217,CALM,47.556732177734375,-2.8899049758911133,-8.733319282531738,1.862467885017395,-4.809823989868164,-9.025029182434082
218,SURPRISED,96.09375,-3.398404836654663,-8.18875789642334,1.6198605298995972,-5.318411350250244,-9.010254859924316
219,SURPRISED,98.93777465820312,-4.00803804397583,-7.5253119468688965,1.4012155532836914,-5.707423210144043,-9.076190948486328
220,SURPRISED,97.72135925292969,-3.909280300140381,-7.478124141693115,1.8635618686676025,-6.020441055297852,-8.675556182861328
221,SURPRISED,94.02069091796875,-3.7561748027801514,-7.273409366607666,2.039515256881714,-5.95939826965332,-7.460946559906006
222,SURPRISED,66.20193481445312,-3.6434972286224365,-7.303640365600586,2.8446199893951416,-5.829578876495361,-7.841057300567627
223,SURPRISED,60.53941345214844,-3.5823802947998047,-7.212066650390625,3.306231737136841,-5.010673999786377,-7.370379447937012
224,CALM,48.347286224365234,-3.695554733276367,-7.345149993896484,3.5594630241394043,-4.998321056365967,-7.562565803527832
225,CALM,55.855472564697266,-3.7229933738708496,-7.419887542724609,3.5603578090667725,-5.255638122558594,-8.121729850769043
226,SURPRISED,76.5143051147461,-3.8713064193725586,-7.371335029602051,3.779348611831665,-6.000916481018066,-8.461647987365723
227,SURPRISED,98.64652252197266,-4.0202531814575195,-7.3380022048950195,4.351219654083252,-6.241683483123779,-8.568775177001953
228,SURPRISED,99.58881378173828,-4.128467559814453,-7.448669910430908,4.552270412445068,-6.410559177398682,-8.711393356323242
229,SURPRISED,99.8629379272461,-3.933074951171875,-7.347995281219482,4.209848403930664,-5.5091552734375,-8.984651565551758
230,SURPRISED,99.8629379272461,-3.855319023132324,-7.366139888763428,4.003876209259033,-5.294617652893066,-9.573380470275879
231,SURPRISED,99.79440307617188,-3.8500149250030518,-7.442404270172119,3.7149112224578857,-5.3772125244140625,-9.822572708129883
232,SURPRISED,99.6573486328125,-3.755512237548828,-7.303097248077393,4.012784481048584,-5.5117011070251465,-10.004729270935059
233,SURPRISED,98.83497619628906,-3.555152416229248,-7.071833610534668,4.411261558532715,-5.644112586975098,-9.86519718170166
234,SURPRISED,95.10005950927734,-3.1675448417663574,-7.031813621520996,4.2851104736328125,-5.67501163482666,-9.940337181091309
235,CALM,50.777347564697266,-3.0186989307403564,-6.575921058654785,5.5552754402160645,-5.130235195159912,-10.119314193725586
236,CALM,71.259765625,-3.2167112827301025,-6.704438209533691,5.895157337188721,-5.06576681137085,-9.740676879882812
237,CALM,91.97823333740234,-3.417546033859253,-6.5828537940979,6.303012371063232,-4.984493255615234,-9.572406768798828
238,CALM,96.58203125,-3.5731911659240723,-6.466411113739014,7.179014205932617,-5.378810405731201,-9.817001342773438
239,CALM,94.76841735839844,-3.7524800300598145,-5.998513698577881,7.594449520111084,-5.559298038482666,-9.99693489074707
240,CALM,92.1875,-3.9915947914123535,-5.962591171264648,8.003559112548828,-5.585402965545654,-9.75133991241455
241,CALM,91.62946319580078,-4.246547222137451,-5.963313102722168,8.118165016174316,-5.716121196746826,-9.774961471557617
242,CALM,98.60491180419922,-4.600367069244385,-5.9420905113220215,7.440803527832031,-5.214363098144531,-11.187395095825195
243,CALM,99.16294860839844,-4.7225661277771,-5.467828273773193,7.0028839111328125,-4.719882488250732,-11.57227897644043
244,CALM,99.44196319580078,-4.752437114715576,-5.199596405029297,5.811096668243408,-4.521663665771484,-11.34567928314209
245,CALM,95.04743194580078,-5.255522727966309,-4.881904602050781,5.1451826095581055,-4.856323719024658,-10.75041389465332
246,CALM,88.67919921875,-5.424666404724121,-4.35202693939209,4.608695983886719,-4.943328857421875,-9.743400573730469
247,CALM,48.67280578613281,-5.539970397949219,-4.057331085205078,4.33078670501709,-5.231486797332764,-8.554201126098633
248,CALM,47.835750579833984,-5.889325141906738,-4.042839527130127,4.160973072052002,-5.0576348304748535,-8.445613861083984
249,CALM,58.492191314697266,-5.8499040603637695,-3.9089736938476562,4.271543502807617,-4.54718542098999,-8.115875244140625
250,CALM,83.9794921875,-5.510056018829346,-3.7781436443328857,4.409135818481445,-3.643369436264038,-8.891152381896973
251,CALM,88.67919921875,-5.439984321594238,-3.9531874656677246,4.285682678222656,-3.3701698780059814,-8.781121253967285
252,CALM,87.03125,-5.372339725494385,-3.907386064529419,4.210129737854004,-3.597214698791504,-8.833081245422363
253,CALM,91.69921875,-5.336816310882568,-4.016051292419434,3.9769771099090576,-3.477283000946045,-8.711540222167969
254,CALM,91.83872985839844,-5.314204692840576,-4.035861968994141,4.082865238189697,-3.7659008502960205,-8.825884819030762
255,CALM,88.67919921875,-5.275760173797607,-4.149591445922852,3.9977080821990967,-5.127905368804932,-8.45092487335205
256,CALM,91.07142639160156,-5.24860954284668,-4.341360092163086,4.130239963531494,-4.785048007965088,-8.214006423950195
257,CALM,93.44307708740234,-5.197959899902344,-4.419563293457031,4.434831142425537,-4.763794422149658,-8.408439636230469
258,CALM,94.140625,-4.884126663208008,-4.5818939208984375,4.644747734069824,-4.616027355194092,-8.57524299621582
259,CALM,93.37332916259766,-4.695372581481934,-4.484912395477295,5.0673298835754395,-4.568347930908203,-9.026445388793945
260,CALM,94.00111389160156,-4.622420787811279,-4.468896865844727,5.249730587005615,-4.503249168395996,-9.11793327331543
261,CALM,94.90792083740234,-4.56649923324585,-4.376819133758545,5.459902763366699,-4.532883644104004,-9.612305641174316
262,CALM,92.46651458740234,-4.542627811431885,-4.057500839233398,5.783910751342773,-3.923644781112671,-10.279994010925293
263,CALM,55.806644439697266,-5.1587748527526855,-3.9505467414855957,5.884628772735596,-4.278517723083496,-10.12658405303955
264,SURPRISED,96.04235076904297,-5.207499980926514,-3.7939071655273438,5.7571258544921875,-4.728341102600098,-9.496896743774414
265,SURPRISED,97.25877380371094,-4.959070205688477,-3.3463990688323975,5.761478900909424,-4.348410129547119,-10.345057487487793
266,CALM,56.929691314697266,-4.862892150878906,-3.365717887878418,6.498490333557129,-4.63438081741333,-11.128817558288574
267,CALM,98.46540069580078,-4.917974472045898,-3.2765088081359863,6.643876075744629,-5.092587947845459,-11.60926628112793
268,CALM,98.46540069580078,-4.835101127624512,-3.148120403289795,6.549407005310059,-4.989539623260498,-11.636645317077637
269,SURPRISED,96.9332504272461,-4.66499137878418,-2.8394792079925537,5.829537391662598,-5.136763095855713,-11.56916332244873
270,SURPRISED,99.04056549072266,-4.681478977203369,-2.4405338764190674,6.437438488006592,-5.346706390380859,-11.346891403198242
271,SURPRISED,99.22903442382812,-4.699057579040527,-2.321223258972168,6.551855087280273,-5.072452068328857,-11.232061386108398
272,SURPRISED,98.93777465820312,-4.731677532196045,-2.21761155128479,6.820154190063477,-5.570523262023926,-10.191329002380371
273,SURPRISED,93.72943878173828,-4.507986068725586,-2.2454817295074463,6.191523551940918,-5.688196182250977,-9.762383460998535
274,SURPRISED,73.48223114013672,-4.459293365478516,-2.023085594177246,5.4112677574157715,-5.180637836456299,-9.319334030151367
275,SURPRISED,86.029296875,-4.39824104309082,-2.113246440887451,4.815648555755615,-5.385058879852295,-9.214254379272461
276,SURPRISED,74.03351593017578,-4.378670692443848,-2.170649766921997,4.524692535400391,-3.3882017135620117,-9.52430248260498
277,CALM,49.92838668823242,-4.474521636962891,-2.1728909015655518,4.8147406578063965,-3.543560266494751,-9.71883773803711
278,CALM,89.04541015625,-4.598049640655518,-2.187084674835205,4.784604549407959,-3.305067777633667,-10.399465560913086
279,CALM,88.740234375,-4.44312047958374,-1.862931489944458,4.799261093139648,-2.938507556915283,-10.185036659240723
280,CALM,90.16461944580078,-4.257219314575195,-2.0476746559143066,4.836399078369141,-2.8291754722595215,-10.176995277404785
281,CALM,90.58314514160156,-4.46702241897583,-1.9777497053146362,5.2172722816467285,-5.049904823303223,-10.751363754272461
282,CALM,86.0546875,-4.395421028137207,-1.9884121417999268,5.29835844039917,-4.574448585510254,-10.452997207641602
283,CALM,80.68359375,-4.310072422027588,-2.505099296569824,5.570539474487305,-4.841830253601074,-10.153617858886719
284,CALM,47.2312126159668,-4.542579174041748,-2.855414628982544,6.175279140472412,-5.04435920715332,-9.403181076049805
285,SURPRISED,90.42283630371094,-4.64984130859375,-3.354928493499756,6.915463447570801,-5.290760517120361,-9.52968692779541
286,SURPRISED,92.03330993652344,-4.66722297668457,-3.8157060146331787,7.856060981750488,-4.708958625793457,-10.196309089660645
287,SURPRISED,92.54728698730469,-4.74995756149292,-4.271859169006348,8.28132152557373,-4.075191497802734,-10.534049034118652
288,SURPRISED,92.15323638916016,-4.780187129974365,-4.683904647827148,8.257018089294434,-3.5535964965820312,-11.070671081542969
289,SURPRISED,85.296875,-4.645468235015869,-5.022556304931641,7.48553991317749,-3.0475072860717773,-12.020038604736328
290,CALM,44.138763427734375,-4.495697021484375,-4.87543249130249,6.37144660949707,-2.2302298545837402,-13.629758834838867
291,CALM,59.712894439697266,-4.524460315704346,-5.05829381942749,4.898269176483154,-2.225234270095825,-15.064703941345215
292,CALM,83.9794921875,-4.341878414154053,-5.002073764801025,3.7034616470336914,-2.9527812004089355,-14.781107902526855
293,CALM,90.51338958740234,-4.121256351470947,-4.727434158325195,2.8219878673553467,-3.5842528343200684,-12.709596633911133
294,CALM,90.234375,-4.05419397354126,-4.363276958465576,2.374843120574951,-3.513744354248047,-10.47591495513916
295,CALM,63.69140625,-4.018688201904297,-4.351652145385742,2.5466318130493164,-3.2596638202667236,-9.835016250610352
296,CALM,59.175785064697266,-3.874652624130249,-4.046724319458008,2.6006014347076416,-4.040021896362305,-9.255351066589355
297,CALM,53.804691314697266,-3.981067657470703,-3.8607234954833984,2.7799670696258545,-3.973115921020508,-8.61992073059082
298,CALM,68.818359375,-3.8821516036987305,-3.729468584060669,3.1269521713256836,-3.147681951522827,-8.749082565307617
299,CALM,89.77783203125,-3.7990310192108154,-3.38728666305542,3.5127739906311035,-3.2480154037475586,-8.559232711791992
300,CALM,89.77783203125,-4.004271030426025,-3.2656800746917725,3.83655047416687,-2.8945178985595703,-8.599143981933594
301,CALM,90.86216735839844,-4.08868932723999,-3.6301839351654053,3.9937551021575928,-3.285020589828491,-9.29102897644043
302,CALM,90.02510833740234,-4.227629661560059,-3.6368327140808105,4.355081081390381,-2.846928834915161,-9.017976760864258
303,CALM,91.62946319580078,-4.206750392913818,-3.6592447757720947,4.463806629180908,-2.968358278274536,-9.81713581085205
304,CALM,90.58314514160156,-4.21834135055542,-3.658379077911377,4.729763984680176,-3.1139848232269287,-9.65090560913086
305,CALM,90.16461944580078,-4.244569778442383,-3.441091537475586,5.4167351722717285,-2.892054557800293,-9.874700546264648
306,CALM,89.47265625,-4.382041931152344,-3.5211901664733887,5.936471462249756,-3.036355495452881,-10.041850090026855
307,CALM,90.37388610839844,-4.37186861038208,-3.320176362991333,6.520405292510986,-3.207829475402832,-10.12935733795166
308,CALM,88.1298828125,-4.301153182983398,-3.350968599319458,7.102834701538086,-2.8747522830963135,-9.937813758850098
309,CALM,85.9326171875,-4.27481746673584,-3.4129796028137207,7.413783550262451,-3.1738734245300293,-9.907051086425781
310,CALM,81.2939453125,-4.34657621383667,-3.316206932067871,7.939815521240234,-3.194352149963379,-10.279132843017578
311,CALM,88.0078125,-4.267820358276367,-3.2282142639160156,8.682007789611816,-3.091146945953369,-12.59936809539795
312,CALM,99.16294860839844,-4.228955268859863,-3.4409427642822266,8.987272262573242,0.3102763593196869,-22.104997634887695
313,CALM,99.72098541259766,-4.122813701629639,-3.4541969299316406,8.75438117980957,7.535520553588867,-15.668872833251953
314,CALM,99.72098541259766,-4.060617923736572,-3.7200891971588135,8.627037048339844,5.456367015838623,-17.23540496826172
315,CALM,99.72098541259766,-4.022744655609131,-3.7698771953582764,8.100571632385254,3.1704890727996826,-17.592615127563477
316,CALM,99.72098541259766,-3.8691141605377197,-4.078779220581055,8.150434494018555,1.281952142715454,-22.261394500732422
317,CALM,98.46540069580078,-3.720808982849121,-3.9802796840667725,7.868897914886475,1.0995547771453857,-19.07762336730957
318,CALM,93.37332916259766,-4.031610488891602,-3.809926986694336,7.227241516113281,0.5908157825469971,-17.559232711791992
319,CALM,59.761722564697266,-4.062526702880859,-3.5708134174346924,6.928497314453125,-1.3468668460845947,-15.12326431274414
320,SURPRISED,61.57476806640625,-3.9649767875671387,-3.444566249847412,6.270331382751465,-1.7238394021987915,-13.979010581970215
321,SURPRISED,65.33274841308594,-3.8924901485443115,-3.3756229877471924,6.2070512771606445,-1.4492406845092773,-12.934134483337402
322,CALM,53.316410064697266,-3.4916250705718994,-3.251599073410034,6.158645153045654,-1.5718826055526733,-12.268943786621094
323,CALM,82.57568359375,-3.6077957153320312,-3.3966145515441895,6.234216213226318,-2.0640623569488525,-11.595606803894043
324,CALM,81.2939453125,-3.5842509269714355,-3.206702947616577,6.3474907875061035,-1.8050965070724487,-10.205765724182129
325,CALM,82.392578125,-3.6498377323150635,-3.0278186798095703,6.566162109375,-1.8269972801208496,-9.729650497436523
326,CALM,88.251953125,-3.568674325942993,-2.9952876567840576,6.385784149169922,-1.833815336227417,-9.715638160705566
327,CALM,96.16350555419922,-3.6277153491973877,-3.011552333831787,6.17393159866333,-2.525233745574951,-9.949698448181152
328,CALM,98.046875,-3.3586995601654053,-2.7999608516693115,5.614790439605713,-2.4748311042785645,-9.798164367675781
329,CALM,96.16350555419922,-3.434321641921997,-2.5340442657470703,5.136646270751953,-2.2371490001678467,-9.61594009399414
330,CALM,83.125,-3.5481443405151367,-2.48734450340271,5.244308948516846,-2.5930047035217285,-8.90407657623291
331,SURPRISED,56.46935272216797,-3.548557996749878,-2.196704387664795,5.203313827514648,-2.568721055984497,-9.25951099395752
332,SURPRISED,61.57476806640625,-3.7110676765441895,-2.1980485916137695,5.265821933746338,-1.7360016107559204,-9.56278133392334
333,SURPRISED,43.5725212097168,-3.855046033859253,-2.27260422706604,5.686648368835449,-1.1228652000427246,-9.054439544677734
334,SURPRISED,61.35747528076172,-3.8396990299224854,-2.1988861560821533,5.984684944152832,-1.4206970930099487,-9.02867317199707
335,CALM,52.632816314697266,-3.793419599533081,-2.323322296142578,6.399692535400391,-1.6501215696334839,-8.477355003356934
336,CALM,84.833984375,-3.610326051712036,-2.3553121089935303,6.905524730682373,-1.995890736579895,-8.233186721801758
337,CALM,89.28955078125,-3.4886577129364014,-2.2688705921173096,7.138423442840576,-2.065234422683716,-8.4326753616333
338,CALM,90.16461944580078,-3.394599676132202,-2.2483532428741455,7.364231586456299,-2.0278971195220947,-8.140955924987793
339,CALM,93.58258819580078,-3.3008882999420166,-2.3586690425872803,7.531476974487305,-1.8441377878189087,-8.198615074157715
340,CALM,95.67522430419922,-3.3993728160858154,-2.4567229747772217,7.6074419021606445,-1.3541035652160645,-8.471720695495605
341,CALM,96.72154235839844,-3.4109411239624023,-2.471529483795166,7.35810661315918,-1.4218089580535889,-8.302322387695312
342,CALM,96.44252014160156,-3.4657206535339355,-2.3601291179656982,7.077028274536133,-1.4220542907714844,-8.534217834472656
343,CALM,95.81473541259766,-3.3704793453216553,-2.1731088161468506,6.942850589752197,-1.3493430614471436,-8.818283081054688
344,CALM,96.58203125,-3.3876399993896484,-2.220031261444092,6.799649238586426,-1.5024094581604004,-8.655669212341309
345,CALM,86.72607421875,-3.902069330215454,-1.5340105295181274,5.994273662567139,-1.6122251749038696,-8.66894817352295
346,SURPRISED,92.1875,-3.5891220569610596,-1.0538123846054077,5.737733364105225,-0.9010325074195862,-8.80221176147461
347,SURPRISED,97.84127807617188,-3.75704288482666,-1.3502284288406372,5.827016830444336,-0.5971860885620117,-9.740192413330078
348,SURPRISED,98.83497619628906,-3.7421393394470215,-1.4096276760101318,5.680785655975342,-0.5668525695800781,-10.19182300567627
349,SURPRISED,99.00630950927734,-3.442061185836792,-1.1416232585906982,5.422639846801758,-0.7190002202987671,-10.769309043884277
350,SURPRISED,64.59137725830078,-3.8442330360412598,-1.3772428035736084,5.870173454284668,-0.730063259601593,-11.145118713378906
351,CALM,99.0234375,-4.089112758636475,-1.6708219051361084,6.785046100616455,-1.0856127738952637,-11.422779083251953
352,CALM,98.88392639160156,-4.166683673858643,-2.002763509750366,7.358161449432373,-1.129986047744751,-11.324402809143066
353,CALM,95.1171875,-4.102668285369873,-1.9819368124008179,7.52532434463501,-1.0121580362319946,-11.292680740356445
354,CALM,93.37332916259766,-4.092314720153809,-1.7964876890182495,7.354072570800781,-0.9509708285331726,-11.31147575378418
355,CALM,92.11774444580078,-4.074932098388672,-1.8369446992874146,7.644968032836914,-0.8130016326904297,-11.382048606872559
356,CALM,95.67522430419922,-4.148587703704834,-1.516049861907959,7.742702007293701,-1.2883939743041992,-11.66411018371582
357,CALM,98.46540069580078,-4.074689865112305,-1.278810739517212,7.4859490394592285,-1.0318963527679443,-11.425135612487793
358,CALM,97.90736389160156,-3.933603048324585,-0.6880379319190979,7.202125072479248,-1.3293578624725342,-11.12559986114502
359,CALM,91.62946319580078,-3.930328607559204,-0.47570887207984924,7.1374101638793945,-1.1693700551986694,-11.224920272827148
360,CALM,90.58314514160156,-3.6884374618530273,-0.6398077607154846,7.162936210632324,-1.49931001663208,-11.177600860595703
361,CALM,97.27957916259766,-3.644773483276367,-0.9704515933990479,7.594854354858398,-1.0103367567062378,-10.895605087280273
362,CALM,99.16294860839844,-3.7818076610565186,-0.8650591969490051,7.725661277770996,-0.6937075257301331,-11.971550941467285
363,CALM,99.16294860839844,-3.781461715698242,-0.6914196610450745,7.6687774658203125,-0.42833569645881653,-11.88774299621582
364,CALM,99.58147430419922,-3.869658946990967,-0.5156433582305908,7.501993656158447,-0.7231540679931641,-11.700637817382812
365,CALM,99.58147430419922,-3.994314432144165,-0.3227687478065491,6.820613384246826,-0.7538292407989502,-11.218162536621094
366,SURPRISED,99.40035247802734,-3.6765546798706055,-0.34161266684532166,6.1218461990356445,-0.7584421038627625,-11.350467681884766
367,SURPRISED,99.72587585449219,-3.749523878097534,-0.31418970227241516,6.634270191192627,-0.003819414647296071,-10.974605560302734
368,SURPRISED,99.6573486328125,-3.9130985736846924,-0.16629888117313385,6.453333377838135,-0.17643694579601288,-10.91187572479248
369,SURPRISED,99.3660888671875,-3.9691591262817383,-0.25168222188949585,6.762086391448975,-0.05580780282616615,-10.306830406188965
370,SURPRISED,90.67982482910156,-3.89992618560791,-0.07659295946359634,7.316648483276367,-0.778793454170227,-10.149433135986328
371,CALM,54.146488189697266,-3.84236741065979,-0.026965850964188576,7.143984794616699,-0.5524232387542725,-10.141197204589844
372,CALM,81.59912109375,-3.8333754539489746,-0.22539782524108887,7.446048259735107,-0.5463041663169861,-10.37972354888916
373,CALM,82.33154296875,-4.039092063903809,-0.13989095389842987,7.326701641082764,-0.8557096123695374,-10.248207092285156
374,CALM,61.982421875,-4.045436859130859,-0.1296951025724411,7.292187213897705,-0.8831411004066467,-10.156843185424805
375,CALM,76.630859375,-4.162791728973389,-0.10922220349311829,7.184561252593994,-0.73713219165802,-9.8532133102417
376,CALM,59.957035064697266,-4.220316410064697,0.04108958691358566,7.1877121925354,-0.7468734383583069,-10.04399585723877
377,CALM,59.517581939697266,-4.1987433433532715,0.14878688752651215,7.319087982177734,-0.7047677636146545,-9.93846321105957
378,CALM,55.025394439697266,-4.103296756744385,0.21277977526187897,7.306332588195801,-0.6612874269485474,-10.369539260864258
379,SURPRISED,70.56829833984375,-4.316598415374756,0.2347566783428192,7.124764919281006,-0.8996753692626953,-10.223124504089355
380,SURPRISED,97.66996002197266,-4.238295555114746,0.19242164492607117,7.273038864135742,-0.3382264971733093,-11.15491771697998
381,SURPRISED,99.22903442382812,-3.9076695442199707,0.31066662073135376,7.1056084632873535,-0.004417880438268185,-11.037452697753906
382,SURPRISED,99.72587585449219,-3.830500364303589,0.4264339208602905,6.826793670654297,-0.041019342839717865,-11.041895866394043
383,SURPRISED,99.79440307617188,-3.7845895290374756,0.1859859973192215,6.987659931182861,-0.11738599836826324,-11.687664031982422
384,SURPRISED,99.62308502197266,-4.219182968139648,-0.24275395274162292,7.778809070587158,-0.10381999611854553,-12.129398345947266
385,SURPRISED,98.6807861328125,-3.7421679496765137,0.12133847922086716,8.679278373718262,-0.5942089557647705,-11.725671768188477
386,CALM,50.728519439697266,-3.5308685302734375,0.5211397409439087,8.191899299621582,-0.8148988485336304,-11.785144805908203
387,CALM,98.18638610839844,-3.768397569656372,0.5050784349441528,7.937386512756348,-0.36887896060943604,-11.443238258361816
388,CALM,94.140625,-3.9435994625091553,0.6965525150299072,7.954474925994873,-0.2410360425710678,-11.1278076171875
389,CALM,88.740234375,-3.9511756896972656,1.0120503902435303,7.618546485900879,-0.26850998401641846,-11.150046348571777
390,CALM,87.1533203125,-3.7608797550201416,0.9747079610824585,7.229586124420166,1.8788056373596191,-11.964203834533691
391,SURPRISED,98.83497619628906,-3.8876638412475586,0.7231940627098083,6.538261890411377,1.6641772985458374,-11.677006721496582
392,SURPRISED,99.82867431640625,-3.734942674636841,0.6098324656486511,5.999558925628662,2.090301513671875,-11.708051681518555
393,SURPRISED,99.93146514892578,-3.7214112281799316,0.5739665627479553,5.349184036254883,1.783087968826294,-10.764819145202637
394,SURPRISED,99.93146514892578,-3.8983092308044434,0.5692684650421143,5.450097560882568,1.3808540105819702,-10.28060531616211
395,SURPRISED,99.93146514892578,-4.08046293258667,0.7648475170135498,5.645087718963623,1.636107325553894,-10.214295387268066
396,SURPRISED,99.93146514892578,-3.993748664855957,0.5873992443084717,5.909016132354736,1.3953454494476318,-9.851285934448242
397,SURPRISED,99.93146514892578,-3.974104881286621,0.6542729735374451,6.022169589996338,1.4192531108856201,-9.623923301696777
398,SURPRISED,99.89720916748047,-3.970435619354248,0.3236945867538452,5.931303024291992,1.640462875366211,-10.031373977661133
399,SURPRISED,98.86924743652344,-3.8418352603912354,0.40574148297309875,5.96913480758667,1.740660309791565,-12.331686019897461
400,CALM,98.46540069580078,-3.92264723777771,0.7578231692314148,6.0321574211120605,1.337450385093689,-12.283748626708984
401,CALM,98.32588958740234,-4.012404441833496,0.6480286717414856,5.684665203094482,1.2416105270385742,-11.876419067382812
402,CALM,95.25669860839844,-3.822580337524414,0.8519963622093201,5.32255220413208,1.6038587093353271,-10.889739990234375
403,CALM,82.69775390625,-3.793956995010376,1.3486758470535278,4.951782703399658,1.649768352508545,-10.502224922180176
404,CALM,55.806644439697266,-3.663424015045166,1.3482060432434082,5.013279914855957,1.7305470705032349,-10.481125831604004
405,CALM,53.267581939697266,-3.932483673095703,1.7895452976226807,5.104269504547119,1.6139642000198364,-9.75583553314209
406,CALM,42.09263229370117,-3.8386740684509277,1.622896432876587,5.491326808929443,2.0178940296173096,-9.630484580993652
407,SURPRISED,33.61894226074219,-3.8499507904052734,1.801474690437317,5.4401397705078125,2.0566327571868896,-9.370192527770996
408,SURPRISED,63.97783279418945,-3.898660898208618,1.5168671607971191,5.785497665405273,2.0104849338531494,-9.381052017211914
409,SURPRISED,71.27709197998047,-3.8987653255462646,1.4871913194656372,5.931907653808594,1.972363829612732,-9.46081829071045
410,SURPRISED,63.51767349243164,-3.9150640964508057,1.482862114906311,5.9091596603393555,1.9604698419570923,-9.328606605529785
411,SURPRISED,61.93267059326172,-3.9892678260803223,1.3529103994369507,6.065419673919678,1.7998930215835571,-8.956757545471191
412,CONFUSED,37.9345703125,-3.5149283409118652,1.5274630784988403,6.236278057098389,2.2590596675872803,-9.184542655944824
413,CALM,38.57003402709961,-3.3233203887939453,1.6822142601013184,5.877736568450928,2.403703451156616,-9.694517135620117
414,CONFUSED,44.747314453125,-3.3135063648223877,1.8878813982009888,6.035667896270752,2.258699893951416,-9.201676368713379
415,SURPRISED,46.0139274597168,-3.1864819526672363,2.0516488552093506,5.615296363830566,2.4277329444885254,-10.211298942565918
416,CALM,93.37332916259766,-3.073387622833252,2.096750259399414,5.660892009735107,1.573811411857605,-10.789106369018555
417,CALM,99.16294860839844,-3.1047136783599854,1.991576075553894,5.621169567108154,1.3200335502624512,-12.289835929870605
418,CALM,99.58147430419922,-3.2204763889312744,2.1831419467926025,5.3187665939331055,1.3328710794448853,-11.889845848083496
419,CALM,91.00167083740234,-2.8452651500701904,2.2347981929779053,5.1698317527771,2.9498074054718018,-11.058097839355469
420,SURPRISED,76.435546875,-2.7300901412963867,2.2057299613952637,5.52115535736084,2.6727399826049805,-10.319778442382812
421,SURPRISED,69.53810119628906,-3.0511388778686523,2.29842209815979,5.90561580657959,2.9659621715545654,-10.131651878356934
422,CALM,58.736331939697266,-3.115187406539917,2.440340518951416,5.972113132476807,2.7585370540618896,-9.784566879272461
423,CALM,59.322269439697266,-3.3162693977355957,2.465076446533203,6.022813320159912,3.124573230743408,-10.240469932556152
424,CALM,79.072265625,-3.2838521003723145,2.3865597248077393,5.985826015472412,3.3305282592773438,-10.807937622070312
425,CALM,56.441410064697266,-3.55253005027771,2.4643728733062744,5.6171064376831055,3.0111501216888428,-10.157132148742676
426,SURPRISED,62.90412521362305,-3.546302318572998,2.356527328491211,5.061573028564453,3.01240611076355,-9.709702491760254
427,SURPRISED,74.7423095703125,-3.705192804336548,2.2342875003814697,4.438098430633545,3.3845019340515137,-9.268837928771973
428,SURPRISED,70.09576416015625,-3.7275748252868652,2.366072416305542,4.356747627258301,3.4364757537841797,-9.383852005004883
429,CALM,56.441410064697266,-3.771348237991333,1.7667760848999023,4.648846626281738,3.695537805557251,-9.169092178344727
430,CALM,87.94677734375,-3.288400650024414,1.5892513990402222,5.277134418487549,3.7568581104278564,-8.585641860961914
431,CALM,88.8623046875,-3.4260668754577637,1.4849724769592285,5.310631275177002,3.6260085105895996,-8.551639556884766
432,CALM,77.36328125,-3.9077389240264893,1.3942469358444214,4.753037452697754,3.4566333293914795,-8.728346824645996
433,SURPRISED,83.05078125,-3.571476936340332,1.3141858577728271,4.696939945220947,3.3951709270477295,-8.072565078735352
434,SURPRISED,75.76612854003906,-3.6972978115081787,0.8889431357383728,4.616254806518555,1.9456560611724854,-8.846986770629883
435,SURPRISED,60.44993591308594,-3.9155428409576416,0.2290370762348175,4.987660884857178,-10.239956855773926,-9.835229873657227
436,CALM,91.62946319580078,-3.8987531661987305,-1.0759044885635376,5.396385669708252,-10.66331958770752,-10.092632293701172
437,CALM,94.90792083740234,-3.927957773208618,-1.5023020505905151,6.251175403594971,-11.150753021240234,-9.666043281555176
438,CALM,92.32701110839844,-3.9904775619506836,-2.0944817066192627,6.637873649597168,-10.7437105178833,-9.358409881591797
439,CALM,87.33642578125,-3.842846155166626,-2.590149402618408,7.296728610992432,-10.75898551940918,-9.7446870803833
440,CALM,88.67919921875,-3.8238353729248047,-3.0294864177703857,7.440036773681641,-10.522738456726074,-9.997843742370605
441,CALM,59.957035064697266,-3.7238991260528564,-3.2257494926452637,7.537720203399658,-12.850589752197266,-9.589685440063477
442,SURPRISED,70.68643188476562,-3.762705087661743,-2.893035650253296,7.361171722412109,-13.218109130859375,-8.847339630126953
443,SURPRISED,99.29756164550781,-3.631073236465454,-2.9100375175476074,6.877459526062012,-13.082693099975586,-8.918562889099121
444,SURPRISED,99.22903442382812,-4.132567882537842,-3.143003463745117,7.134239673614502,-12.707756042480469,-9.365285873413086
445,SURPRISED,99.09197235107422,-4.144512176513672,-3.489384889602661,7.49077033996582,-12.498457908630371,-9.917984008789062
446,SURPRISED,94.99725341796875,-4.217916011810303,-3.541015148162842,7.988600730895996,-12.680397987365723,-10.048914909362793
447,SURPRISED,64.55303192138672,-4.044760704040527,-4.273252487182617,8.538948059082031,-12.652520179748535,-10.141302108764648
448,CALM,84.4677734375,-3.980897903442383,-4.721174240112305,9.208534240722656,-12.687047004699707,-9.88879680633545
449,CALM,92.95479583740234,-4.015052318572998,-4.917478084564209,9.585213661193848,-12.785904884338379,-9.683589935302734
450,CALM,94.140625,-3.858330726623535,-5.138143062591553,9.885580062866211,-12.823062896728516,-10.166097640991211
451,CALM,87.94677734375,-4.125894546508789,-5.246925354003906,9.877951622009277,-12.808740615844727,-10.198254585266113
452,CALM,70.283203125,-4.170712471008301,-5.3844757080078125,10.160436630249023,-12.668298721313477,-9.884867668151855
453,CALM,54.097660064697266,-4.143381595611572,-5.869907379150391,9.714563369750977,-12.640608787536621,-10.04485034942627
454,CALM,55.708988189697266,-4.095454692840576,-5.951280117034912,9.583812713623047,-12.133305549621582,-9.796992301940918
455,CALM,61.25,-4.137308120727539,-6.14912223815918,9.199316024780273,-12.087828636169434,-9.484121322631836
456,CALM,91.62946319580078,-4.185746192932129,-6.166685581207275,8.504100799560547,-10.031440734863281,-9.581034660339355
457,CALM,93.58258819580078,-4.289291858673096,-6.234175205230713,8.0955810546875,-9.84384536743164,-9.663125991821289
458,CALM,85.9326171875,-4.342484474182129,-6.359995365142822,7.345871925354004,-9.72893238067627,-9.417367935180664
459,CALM,63.203125,-4.2271623611450195,-6.256499290466309,7.0826029777526855,-9.251011848449707,-9.91883659362793
460,CALM,51.314456939697266,-4.22987699508667,-6.132216453552246,6.7430806159973145,-8.789498329162598,-9.80482006072998
461,CALM,81.96533203125,-3.9959332942962646,-6.135679244995117,6.943244457244873,-8.655669212341309,-9.111464500427246
462,CALM,96.72154235839844,-3.864854335784912,-6.0081071853637695,7.324563026428223,-8.84033203125,-9.919936180114746
463,CALM,98.88392639160156,-4.001612663269043,-5.967444896697998,7.629463195800781,-8.95571231842041,-9.462564468383789
464,CALM,99.16294860839844,-3.949474573135376,-5.756452560424805,7.183162689208984,-9.409296035766602,-9.5811767578125
465,CALM,98.046875,-4.113732814788818,-5.737321853637695,6.5627875328063965,-9.32733154296875,-9.265984535217285
466,CALM,94.62890625,-4.312864780426025,-5.710655689239502,6.691675662994385,-9.034801483154297,-9.265032768249512
467,CALM,90.234375,-4.398710250854492,-5.71168327331543,7.00089693069458,-7.312593460083008,-9.411836624145508
468,CALM,95.67522430419922,-4.585168361663818,-5.65999698638916,7.10487699508667,-7.497249603271484,-8.933326721191406
469,CALM,88.0078125,-4.621628761291504,-5.628515720367432,7.3647565841674805,-7.73249626159668,-8.714760780334473
470,CALM,80.0732421875,-4.732007026672363,-5.698121547698975,7.645112037658691,-7.6272687911987305,-9.174356460571289
471,CALM,86.9091796875,-4.65715217590332,-5.592076301574707,8.248119354248047,-7.432415962219238,-9.208183288574219
472,CALM,99.16294860839844,-4.899418830871582,-5.471726894378662,8.570929527282715,-7.1207661628723145,-10.638494491577148
473,CALM,99.16294860839844,-4.909235000610352,-5.162619113922119,8.875310897827148,-7.18882417678833,-10.11107349395752
474,CALM,97.90736389160156,-4.869170665740967,-4.809934616088867,8.850711822509766,-7.098964691162109,-9.087959289550781
475,CALM,89.77783203125,-4.947537899017334,-4.548975944519043,9.181139945983887,-8.3096923828125,-8.90545654296875
476,CALM,82.1484375,-4.833694934844971,-4.381986141204834,9.298001289367676,-8.633670806884766,-9.015996932983398
477,CALM,85.13916015625,-4.586579322814941,-4.366927623748779,8.905840873718262,-8.65873908996582,-8.643031120300293
478,CALM,81.2939453125,-4.481746673583984,-4.171285629272461,9.08311939239502,-8.424595832824707,-8.386847496032715
479,CALM,65.888671875,-4.545668125152588,-4.067922115325928,8.651390075683594,-8.797017097473145,-7.804906368255615
480,SURPRISED,82.5625,-4.627052307128906,-3.2639434337615967,8.474587440490723,-8.552057266235352,-7.26020622253418
481,SURPRISED,98.06400299072266,-4.88355827331543,-3.3458945751190186,8.486273765563965,-8.188191413879395,-7.807777404785156
482,SURPRISED,99.40035247802734,-4.812836170196533,-3.645902395248413,8.597249984741211,-8.469447135925293,-7.814572334289551
483,SURPRISED,99.55455017089844,-4.770607948303223,-3.399984121322632,8.47364330291748,-8.445441246032715,-7.9470062255859375
484,SURPRISED,99.58881378173828,-4.587597846984863,-3.314110279083252,8.0896577835083,-8.392027854919434,-8.03710651397705
485,SURPRISED,99.48601531982422,-4.574743747711182,-3.3314921855926514,7.8546624183654785,-8.366192817687988,-8.220723152160645
486,SURPRISED,99.3660888671875,-4.522980213165283,-3.207624673843384,8.038384437561035,-8.312223434448242,-8.07851505279541
487,SURPRISED,96.53919982910156,-4.161184787750244,-3.1553072929382324,8.077311515808105,-8.590270042419434,-8.06710147857666
488,CALM,85.078125,-4.0096211433410645,-3.706183910369873,8.150054931640625,-8.962180137634277,-9.320724487304688
489,CALM,94.48939514160156,-4.3969244956970215,-3.716057777404785,7.374819755554199,-8.550759315490723,-8.791276931762695
490,CALM,66.1328125,-4.55128288269043,-3.443474531173706,6.724132061004639,-8.579704284667969,-9.126837730407715
491,CALM,85.4443359375,-4.9075846672058105,-3.2156143188476562,4.817799091339111,-7.986074924468994,-9.87094783782959
492,CALM,99.16294860839844,-5.3357648849487305,-3.2420272827148438,5.3265228271484375,-8.220890045166016,-9.039247512817383
493,CALM,98.32588958740234,-4.866445064544678,-3.4041836261749268,6.140764236450195,-8.003434181213379,-8.666769981384277
494,CALM,93.72209930419922,-5.057549476623535,-3.6338577270507812,6.6975579261779785,-8.032108306884766,-8.743056297302246
495,SAD,79.765625,-5.369913578033447,-3.95001482963562,7.608377933502197,-7.757295608520508,-8.900263786315918
496,CALM,49.6726188659668,-5.360219478607178,-4.252664089202881,7.545239448547363,-7.595423698425293,-10.032625198364258
497,CALM,44.06901168823242,-5.702569007873535,-4.085106372833252,7.411499500274658,-7.377715110778809,-9.592889785766602
498,SURPRISED,95.73396301269531,-5.453165531158447,-4.350124835968018,6.926458358764648,-7.806962490081787,-8.564395904541016
499,SURPRISED,97.87554931640625,-5.406203269958496,-4.468311786651611,6.884609699249268,-8.0574951171875,-8.897747039794922
500,SURPRISED,99.72587585449219,-5.338255405426025,-4.540600776672363,7.1845383644104,-8.492382049560547,-9.780010223388672
501,SURPRISED,99.82867431640625,-5.3912858963012695,-4.644491672515869,7.572531700134277,-8.319557189941406,-11.049656867980957
502,SURPRISED,99.89720916748047,-5.362502098083496,-5.002875804901123,8.312384605407715,-7.8974809646606445,-11.083370208740234
503,SURPRISED,99.82867431640625,-5.260308265686035,-5.117712497711182,9.307225227355957,-7.951138496398926,-11.077982902526855
504,SURPRISED,99.72587585449219,-5.412411689758301,-5.061795234680176,10.472888946533203,-8.421455383300781,-11.219425201416016
505,SURPRISED,99.69161224365234,-5.877716541290283,-5.1374664306640625,11.86094856262207,-8.054397583007812,-11.28956127166748
506,SURPRISED,99.6573486328125,-5.990327835083008,-5.07396125793457,12.908265113830566,-7.93864631652832,-11.672079086303711
507,SURPRISED,99.55455017089844,-5.874513149261475,-5.235243320465088,13.362321853637695,-7.526351451873779,-12.624406814575195
508,SURPRISED,99.69161224365234,-5.882291793823242,-5.393326282501221,13.940325736999512,-7.799750328063965,-13.003634452819824
509,SURPRISED,99.76014709472656,-6.149795055389404,-5.4082207679748535,14.565759658813477,-7.796084403991699,-14.001628875732422
510,SURPRISED,99.76014709472656,-6.032432556152344,-5.826481342315674,14.90213680267334,-7.789732456207275,-14.485127449035645
511,SURPRISED,99.72587585449219,-6.09800910949707,-6.157798767089844,15.191829681396484,-7.841036319732666,-14.354703903198242
512,SURPRISED,99.55455017089844,-6.293265342712402,-6.363266468048096,15.150598526000977,-6.452342510223389,-15.777568817138672
513,SURPRISED,92.78714752197266,-6.128281593322754,-6.097901821136475,14.682452201843262,-4.089093208312988,-18.432220458984375
514,SURPRISED,60.437156677246094,-6.128560543060303,-6.366725921630859,13.847967147827148,-4.125138759613037,-18.37547492980957
515,SURPRISED,60.80783462524414,-5.861640930175781,-6.31301736831665,12.848889350891113,-5.825168132781982,-17.34998321533203
516,SURPRISED,62.763519287109375,-5.019017696380615,-6.2852277755737305,11.143465042114258,-7.294677734375,-15.231844902038574
517,CALM,47.39397430419922,-4.694899082183838,-6.1549201011657715,9.85479736328125,-7.156047821044922,-14.234091758728027
518,SURPRISED,70.29264831542969,-4.875959873199463,-5.788989067077637,8.790558815002441,-7.89122200012207,-13.049762725830078
519,SURPRISED,71.51335144042969,-4.809272289276123,-5.710962295532227,7.588819980621338,-8.246095657348633,-13.539008140563965
520,SURPRISED,91.48506164550781,-4.606441974639893,-5.24599552154541,6.841007232666016,-8.83240032196045,-13.205462455749512
521,SURPRISED,95.08292388916016,-4.196367263793945,-5.190994739532471,6.272397518157959,-8.280065536499023,-12.013453483581543
522,SURPRISED,94.431884765625,-3.773442268371582,-4.806741714477539,4.643918514251709,-7.354287624359131,-11.907818794250488
523,SURPRISED,94.36334991455078,-3.3533132076263428,-4.6985039710998535,4.0690741539001465,-7.400603771209717,-11.177488327026367
524,SURPRISED,82.7578125,-3.099360227584839,-4.746542453765869,3.4640626907348633,-7.389646530151367,-10.5610990524292
525,SURPRISED,63.619930267333984,-3.1284897327423096,-4.473299026489258,2.667508602142334,-6.725739479064941,-10.274177551269531
526,SURPRISED,63.72218704223633,-3.38167142868042,-4.640565872192383,2.541646718978882,-6.708622455596924,-12.54371452331543
527,CALM,60.76171875,-3.081123113632202,-4.752840042114258,2.8290092945098877,-5.925469398498535,-19.843107223510742
528,CALM,90.72265625,-3.014310121536255,-4.605000019073486,2.6082942485809326,3.69702410697937,-17.325313568115234
529,CALM,94.62890625,-2.8154942989349365,-4.424709796905518,2.497744083404541,2.9666950702667236,-15.48294448852539
530,CALM,91.83872985839844,-3.014510154724121,-4.571832656860352,3.261713743209839,-5.3700761795043945,-19.574819564819336
531,CALM,58.248050689697266,-3.1108274459838867,-4.571741580963135,4.121318340301514,-5.385443210601807,-18.774097442626953
532,CALM,47.88225555419922,-3.081082344055176,-4.640168190002441,4.761061668395996,-6.707493782043457,-15.657870292663574
533,CALM,37.55859375,-3.113206148147583,-4.860085487365723,5.569674491882324,-7.876018047332764,-13.256563186645508
534,SURPRISED,62.277793884277344,-3.326009750366211,-4.8316650390625,5.692580223083496,-7.254542350769043,-12.582408905029297
535,CONFUSED,30.662668228149414,-3.7155916690826416,-4.748959541320801,5.914340019226074,-6.94404411315918,-11.135744094848633
536,CALM,35.74497604370117,-3.7060539722442627,-4.849245071411133,6.751499652862549,-7.292439937591553,-11.282768249511719
537,CALM,39.86048889160156,-3.808070182800293,-4.885249614715576,7.093707084655762,-7.124739170074463,-11.165186882019043
538,CONFUSED,33.38309097290039,-3.9174721240997314,-5.227140426635742,7.279908657073975,-7.512547492980957,-11.523871421813965
539,CONFUSED,33.574913024902344,-3.952885866165161,-5.154979705810547,7.801024436950684,-7.563161849975586,-11.357337951660156
540,CONFUSED,31.883371353149414,-4.129443645477295,-5.263487339019775,8.095430374145508,-7.5796217918396,-11.2241849899292
541,CONFUSED,32.54603576660156,-4.152763843536377,-5.247805118560791,8.449058532714844,-7.583468437194824,-11.310492515563965
542,CALM,31.03655242919922,-4.283332824707031,-5.175277233123779,8.678873062133789,-7.861027240753174,-11.355079650878906
543,CONFUSED,31.342775344848633,-4.212523937225342,-5.168993949890137,9.135893821716309,-7.843454360961914,-11.308889389038086
544,CONFUSED,34.65610885620117,-4.230749130249023,-5.022750377655029,9.348244667053223,-7.713761806488037,-11.510565757751465
545,CONFUSED,34.23758316040039,-3.954927444458008,-4.959071159362793,10.094191551208496,-8.158313751220703,-12.015776634216309
546,SURPRISED,35.63575744628906,-3.951408863067627,-4.949285507202148,10.499987602233887,-7.972707271575928,-11.77880573272705
547,SURPRISED,38.74943161010742,-4.059825897216797,-4.996206760406494,10.821398735046387,-8.120403289794922,-11.811241149902344
548,SURPRISED,38.71405029296875,-4.119276523590088,-5.008708477020264,10.703885078430176,-7.965501308441162,-11.934747695922852
549,SURPRISED,53.08894348144531,-4.161209583282471,-4.737756729125977,10.537982940673828,-8.024123191833496,-12.801118850708008
550,SURPRISED,29.17426300048828,-4.033045291900635,-4.744034767150879,10.584667205810547,-7.8747172355651855,-14.175113677978516
551,CALM,49.951637268066406,-4.18158483505249,-4.916718482971191,10.335493087768555,-7.6012091636657715,-15.098348617553711
552,CALM,62.2265625,-4.087784767150879,-4.82703971862793,9.979745864868164,-7.53656005859375,-15.469341278076172
553,CALM,77.119140625,-4.020114421844482,-4.935556411743164,9.985687255859375,-7.9479546546936035,-15.189481735229492
554,CALM,83.55224609375,-4.028385639190674,-4.744131088256836,9.537216186523438,-7.2911763191223145,-15.228292465209961
555,CALM,92.95479583740234,-4.015101909637451,-4.427844524383545,9.45224380493164,-7.3062005043029785,-15.239253997802734
556,CALM,91.97823333740234,-4.082580089569092,-4.66337776184082,9.1722412109375,-7.409429550170898,-15.610065460205078
557,CALM,92.95479583740234,-3.902517080307007,-4.512791156768799,8.750511169433594,-7.171525001525879,-15.491418838500977
558,CALM,89.716796875,-3.8929004669189453,-4.586328983306885,8.71630859375,-7.382521152496338,-15.297578811645508
559,CALM,88.251953125,-3.896554708480835,-4.460533142089844,8.76531982421875,-7.733442783355713,-15.497940063476562
560,CALM,57.027347564697266,-3.6167385578155518,-4.732413291931152,9.176485061645508,-7.2622246742248535,-15.137205123901367
561,CALM,58.248050689697266,-3.9052231311798096,-4.868465900421143,9.201260566711426,-7.045986652374268,-14.596606254577637
562,CALM,48.41703796386719,-4.221670150756836,-4.890990257263184,10.049967765808105,-7.333817958831787,-14.617549896240234
563,CALM,80.74462890625,-4.680870532989502,-5.219773769378662,10.8642578125,-7.732890605926514,-14.185651779174805
564,CALM,54.634769439697266,-4.975773334503174,-5.389843463897705,12.132026672363281,-7.776447296142578,-14.19449520111084
565,SURPRISED,67.2884292602539,-5.074963569641113,-5.726128101348877,13.052783012390137,-7.462054252624512,-14.382973670959473
566,SURPRISED,64.10565185546875,-4.696671009063721,-5.996346473693848,13.593411445617676,-7.4138360023498535,-14.509968757629395
567,CALM,32.46651840209961,-4.627843379974365,-5.832908630371094,14.066117286682129,-5.606082916259766,-14.639355659484863
568,CALM,37.97711944580078,-4.740511894226074,-5.663755893707275,14.413700103759766,-5.505865097045898,-14.713473320007324
569,SURPRISED,50.08413314819336,-4.5562944412231445,-5.298680305480957,14.338645935058594,-5.64725399017334,-14.75157642364502
570,SURPRISED,44.52785110473633,-4.448104381561279,-4.6563849449157715,13.550398826599121,-5.61969518661499,-13.977494239807129
571,SURPRISED,80.853515625,-4.249716758728027,-4.70967960357666,12.662569999694824,-5.73697566986084,-13.38194751739502
572,SURPRISED,94.9801254272461,-4.626803398132324,-4.869626045227051,11.74889087677002,-6.003840446472168,-13.668693542480469
573,SURPRISED,97.5500259399414,-4.6376423835754395,-5.272294044494629,11.334580421447754,-5.475009441375732,-14.885217666625977
574,SURPRISED,99.3660888671875,-4.725269794464111,-4.6338887214660645,11.317102432250977,-5.7245941162109375,-13.511188507080078
575,SURPRISED,99.40035247802734,-4.842136859893799,-4.553327560424805,10.653742790222168,-6.555709362030029,-13.798781394958496
576,SURPRISED,99.40035247802734,-5.030898571014404,-4.34345817565918,10.456950187683105,-5.872100830078125,-13.578536033630371
577,SURPRISED,99.3660888671875,-5.193398475646973,-4.381234169006348,9.163658142089844,-5.881062984466553,-14.1067533493042
578,SURPRISED,99.79440307617188,-5.016745567321777,-4.380496978759766,8.680184364318848,-6.1520867347717285,-13.817338943481445
579,SURPRISED,99.72587585449219,-4.618990898132324,-4.323947906494141,7.731888771057129,-5.9395599365234375,-13.396567344665527
580,SURPRISED,99.76014709472656,-4.437983989715576,-3.84757399559021,6.423699378967285,-5.272121429443359,-12.281261444091797
581,SURPRISED,99.55455017089844,-4.43574857711792,-4.0869011878967285,4.9506354331970215,-5.607747554779053,-11.273994445800781
582,SURPRISED,99.33182525634766,-4.47234582901001,-3.998434066772461,3.203152894973755,-4.926729679107666,-10.675773620605469
583,SURPRISED,97.96121215820312,-4.350399971008301,-4.182262897491455,1.8816508054733276,-4.758046627044678,-9.530694961547852
584,SURPRISED,95.78536224365234,-4.533749103546143,-4.320878505706787,0.2713448405265808,-4.6603875160217285,-9.088266372680664
585,SURPRISED,66.90496063232422,-5.139161109924316,-4.141899585723877,-1.069136142730713,-4.595938682556152,-8.137856483459473
586,CALM,98.46540069580078,-5.158568382263184,-4.364709377288818,-1.3721110820770264,-4.541174411773682,-7.987098217010498
587,CALM,97.90736389160156,-4.997309684753418,-4.487551689147949,-1.8049893379211426,-4.460840225219727,-7.782482624053955
588,CALM,89.716796875,-5.039333343505859,-4.669580459594727,-2.0495262145996094,-4.280402183532715,-7.42099666595459
589,CALM,85.322265625,-5.011287689208984,-4.5518012046813965,-2.9516162872314453,-3.7192230224609375,-7.219010829925537
590,CALM,71.50390625,-5.072911262512207,-4.646179676055908,-3.230215311050415,-3.8470218181610107,-6.771972179412842
591,CALM,85.4443359375,-5.048067569732666,-4.773283004760742,-3.4859988689422607,-3.628343343734741,-6.132307529449463
592,CALM,82.20947265625,-5.132238864898682,-4.665197849273682,-3.789119243621826,-3.610960006713867,-6.029891490936279
593,CALM,55.953128814697266,-5.065787315368652,-4.800177574157715,-3.8077635765075684,-3.6539571285247803,-5.654300212860107
594,CALM,54.195316314697266,-5.06009578704834,-4.95784330368042,-3.5653696060180664,-3.827885389328003,-5.246894836425781
595,CALM,56.734378814697266,-5.241870403289795,-5.116580963134766,-2.5888829231262207,-3.9548139572143555,-5.552083492279053
596,CALM,82.69775390625,-5.266185760498047,-4.8935980796813965,-1.7294702529907227,-3.697995185852051,-6.3963847160339355
597,CALM,96.09375,-5.448512077331543,-4.953866481781006,-0.17501673102378845,-3.329322576522827,-6.834314823150635
598,CALM,99.0234375,-5.335790634155273,-4.510539531707764,1.2628847360610962,-2.9399514198303223,-7.292695045471191
599,CALM,43.9992561340332,-5.248708724975586,-4.609009265899658,2.320300579071045,-3.4138805866241455,-6.916628837585449
600,SURPRISED,93.62664031982422,-5.5466718673706055,-4.2992048263549805,3.769357919692993,-3.3747096061706543,-6.756396770477295
601,SURPRISED,98.49232482910156,-5.21088171005249,-4.093318462371826,4.285192966461182,-3.6515326499938965,-7.41142463684082
602,SURPRISED,98.83497619628906,-5.169069290161133,-4.2493062019348145,4.985257148742676,-3.7175207138061523,-7.6741437911987305
603,SURPRISED,99.6573486328125,-5.352212429046631,-3.8103580474853516,5.2401509284973145,-4.352569103240967,-8.514568328857422
604,SURPRISED,99.62308502197266,-5.157860279083252,-3.3669979572296143,5.564426422119141,-3.716981887817383,-8.122562408447266
605,SURPRISED,97.84127807617188,-5.283848285675049,-2.894453287124634,5.712639331817627,-3.849930763244629,-8.998066902160645
606,SURPRISED,68.91177368164062,-5.132671356201172,-2.6628568172454834,5.491347312927246,-4.233570098876953,-9.060205459594727
607,CALM,45.4640998840332,-4.777369022369385,-2.7699146270751953,6.182669639587402,-3.957751989364624,-9.363363265991211
608,CALM,55.708988189697266,-4.743441581726074,-2.646637439727783,6.937652111053467,-4.174952507019043,-9.80240249633789
609,CALM,61.25,-4.673759937286377,-2.4168217182159424,7.1407246589660645,-4.203697681427002,-9.72352123260498
610,CALM,56.978519439697266,-4.5539350509643555,-2.359203338623047,7.47158670425415,-4.190361499786377,-9.64224624633789
611,CALM,80.50048828125,-4.38247537612915,-2.4384729862213135,7.344917297363281,-4.20869779586792,-9.839262008666992
612,CALM,89.716796875,-4.3800482749938965,-2.4813969135284424,6.992648124694824,-4.336060523986816,-9.839245796203613
613,CALM,93.86161041259766,-4.59468412399292,-2.353196859359741,7.216886043548584,-4.4249467849731445,-9.89297866821289
614,CALM,95.81473541259766,-4.528120040893555,-2.654496192932129,6.887147426605225,-4.6461005210876465,-9.548089027404785
615,CALM,96.58203125,-4.2331061363220215,-2.495260000228882,6.891967296600342,-4.228515148162842,-9.248504638671875
616,CALM,95.67522430419922,-4.403080463409424,-2.6345207691192627,6.639941692352295,-4.074085712432861,-9.35306167602539
617,CALM,52.828128814697266,-4.627337455749512,-2.235321283340454,5.711319923400879,-4.144410610198975,-9.020035743713379
618,SURPRISED,95.15145111083984,-4.5693583488464355,-1.5495014190673828,5.186668395996094,-3.1321911811828613,-9.271177291870117
619,SURPRISED,98.45806121826172,-4.451348781585693,-1.4069128036499023,5.145589351654053,-2.6105499267578125,-9.192634582519531
620,SURPRISED,97.31016540527344,-4.390571594238281,-1.0900241136550903,4.898598670959473,-2.7433853149414062,-9.005533218383789
621,SURPRISED,75.17546081542969,-4.5024871826171875,-1.0723347663879395,5.329272747039795,-3.1263537406921387,-8.774961471557617
622,CALM,81.2939453125,-4.491457939147949,-1.2963128089904785,5.989352703094482,-2.91595721244812,-8.943593978881836
623,CALM,88.31298828125,-4.6739301681518555,-1.4891396760940552,6.4068121910095215,-3.2573158740997314,-8.762406349182129
624,CALM,83.06396484375,-4.909439563751221,-1.6148910522460938,6.5020036697387695,-3.3023037910461426,-8.982172966003418
625,SURPRISED,66.17637634277344,-4.699136257171631,-1.452443242073059,6.273268699645996,-3.449185371398926,-9.058161735534668
626,SURPRISED,82.123046875,-4.66684627532959,-0.8944389820098877,5.899604797363281,-3.450645685195923,-9.441250801086426
627,SURPRISED,88.275390625,-4.66211462020874,-0.9643419981002808,5.836403846740723,-3.3981003761291504,-9.862574577331543
628,SURPRISED,69.79374694824219,-4.486997127532959,-0.7435204386711121,6.29470682144165,-3.718127727508545,-9.470084190368652
629,CALM,54.000003814697266,-4.587108612060547,-1.2782196998596191,6.809252738952637,-3.5977301597595215,-9.546010971069336
630,CALM,85.322265625,-4.578556537628174,-1.347163438796997,7.163789749145508,-3.8151416778564453,-10.11498737335205
631,CALM,85.322265625,-4.5083184242248535,-1.4518718719482422,7.270194053649902,-3.6312336921691895,-10.812950134277344
632,CALM,91.00167083740234,-4.469115734100342,-1.2874324321746826,7.251017093658447,-3.6393134593963623,-10.487464904785156
633,CALM,91.00167083740234,-4.369383811950684,-1.2374846935272217,7.000667095184326,-3.8331692218780518,-10.955739974975586
634,CALM,96.16350555419922,-4.252034664154053,-1.0702848434448242,6.680364608764648,-4.175494194030762,-10.706825256347656
635,CALM,88.251953125,-4.166158676147461,-0.5300823450088501,5.82779598236084,-3.8623812198638916,-10.740012168884277
636,CALM,85.810546875,-3.9649109840393066,-0.5759381055831909,4.602388381958008,-3.6490635871887207,-11.407329559326172
637,CALM,99.16294860839844,-4.27125358581543,-0.33063995838165283,4.61970853805542,-3.6454741954803467,-12.174001693725586
638,CALM,97.76786041259766,-4.268442153930664,-0.10288552194833755,4.559251308441162,-3.7483253479003906,-12.220476150512695
639,CALM,92.32701110839844,-3.97921085357666,-0.07993828505277634,4.420389175415039,-3.7300596237182617,-12.276535987854004
640,CALM,82.1484375,-3.9432029724121094,-0.08174051344394684,4.3874406814575195,-2.7624244689941406,-12.269452095031738
641,CALM,80.74462890625,-3.982419490814209,0.14533579349517822,4.207624435424805,-2.5077977180480957,-11.476824760437012
642,CALM,50.728519439697266,-3.780585765838623,0.268818199634552,3.9059431552886963,-2.459197521209717,-10.402555465698242
643,SURPRISED,67.64633178710938,-4.031771659851074,0.18988759815692902,3.1454546451568604,-2.190498113632202,-9.966882705688477
644,SURPRISED,90.49136352539062,-3.9041168689727783,0.1740323156118393,3.1621274948120117,-2.0175793170928955,-10.020261764526367
645,SURPRISED,93.40391540527344,-4.160807132720947,0.14996176958084106,2.371694803237915,-2.108039140701294,-10.68631362915039
646,SURPRISED,92.42735290527344,-3.992955207824707,0.08639027923345566,2.072570562362671,-2.562182903289795,-10.06539249420166
647,SURPRISED,86.859375,-4.05531120300293,0.34528839588165283,1.8646332025527954,-2.687891960144043,-9.889598846435547
648,CALM,47.92875671386719,-4.208996772766113,0.302837610244751,1.4706060886383057,-2.794665575027466,-10.34520149230957
649,CALM,97.69810485839844,-4.145680904388428,0.33823350071907043,1.1213334798812866,-2.606930732727051,-10.596806526184082
650,CALM,98.88392639160156,-4.178315162658691,0.2680513560771942,1.243597388267517,-2.39752459526062,-10.252827644348145
651,CALM,98.60491180419922,-4.1409735679626465,0.45988428592681885,1.4939250946044922,-2.790536403656006,-9.333043098449707
652,CALM,98.18638610839844,-4.031683921813965,0.33708930015563965,1.2764852046966553,-3.4153149127960205,-9.29157543182373
653,CALM,97.69810485839844,-4.066433906555176,0.45274269580841064,1.4336841106414795,-3.1392369270324707,-9.18313980102539
654,CALM,95.39620208740234,-4.084893703460693,0.42084547877311707,1.6326369047164917,-3.0856010913848877,-9.191722869873047
655,CALM,94.62890625,-4.054234504699707,0.3413427174091339,1.8730469942092896,-3.0589711666107178,-9.418599128723145
656,CALM,95.1171875,-4.079293727874756,0.07969336956739426,1.957733392715454,-3.082036256790161,-9.399861335754395
657,CALM,97.27957916259766,-4.300418853759766,-0.033430278301239014,1.8553482294082642,-2.8023452758789062,-9.181788444519043
658,CALM,97.55859375,-4.3601789474487305,-0.15552644431591034,2.0029776096343994,-2.707925796508789,-9.736000061035156
659,CALM,98.046875,-4.2785444259643555,-0.1539539396762848,1.9585829973220825,-2.9023115634918213,-9.552276611328125
660,CALM,98.32588958740234,-4.310494899749756,-0.18097499012947083,2.354343891143799,-2.7234792709350586,-9.509257316589355
661,CALM,99.16294860839844,-4.371852874755859,-0.1219882220029831,2.386047840118408,-2.530113458633423,-9.710500717163086
662,CALM,99.44196319580078,-4.329885959625244,-0.13229599595069885,2.7546226978302,-2.2942495346069336,-9.699419021606445
663,CALM,99.30245208740234,-4.362735748291016,-0.10491634905338287,2.9041006565093994,-2.529557228088379,-9.706926345825195
664,CALM,99.16294860839844,-4.303659439086914,0.0400543212890625,3.128293037414551,-2.409010648727417,-9.901605606079102
665,CALM,99.0234375,-4.189002513885498,0.0976017490029335,3.236736536026001,-2.2219932079315186,-9.17916202545166
666,CALM,98.32588958740234,-4.046350955963135,0.13598033785820007,3.600429058074951,-2.4899532794952393,-9.650864601135254
667,CALM,98.60491180419922,-3.7781870365142822,0.10379738360643387,4.213926315307617,-2.7311627864837646,-9.167255401611328
668,CALM,96.58203125,-3.88519287109375,0.32326582074165344,4.264519691467285,-2.6190662384033203,-9.498638153076172
669,CALM,92.60602569580078,-3.8508007526397705,0.41126468777656555,4.446606636047363,-1.6859495639801025,-9.305964469909668
670,CALM,91.35044860839844,-3.7103092670440674,0.7080957889556885,4.794894218444824,-1.9423214197158813,-9.529927253723145
671,CALM,86.0546875,-3.57041072845459,0.8713002800941467,4.76652193069458,-1.8213750123977661,-9.764213562011719
672,SURPRISED,82.07421875,-3.636996030807495,1.02193284034729,4.986827850341797,-2.138928174972534,-9.509910583496094
673,SURPRISED,99.40035247802734,-3.617896795272827,1.2309949398040771,4.795541286468506,-2.3550686836242676,-10.084819793701172
674,SURPRISED,99.79440307617188,-3.6684844493865967,1.4952105283737183,5.121739864349365,-2.8930819034576416,-9.979455947875977
675,SURPRISED,99.8629379272461,-3.708930253982544,1.7244367599487305,5.214680194854736,-3.0721302032470703,-9.726556777954102
676,SURPRISED,99.79440307617188,-3.5304765701293945,1.7254788875579834,5.505415916442871,-3.631840229034424,-9.905247688293457
677,SURPRISED,99.82867431640625,-3.136387825012207,1.9416110515594482,5.625152587890625,-3.440796136856079,-9.918288230895996
678,SURPRISED,99.1604995727539,-2.878326654434204,2.0606231689453125,6.1221137046813965,-3.857079029083252,-10.479199409484863
679,SURPRISED,99.22903442382812,-2.852405548095703,2.2942419052124023,6.328761100769043,-4.45936918258667,-10.851855278015137
680,SURPRISED,99.00630950927734,-2.7782135009765625,2.289121389389038,6.3874969482421875,-4.316330432891846,-11.605783462524414
681,SURPRISED,98.83497619628906,-2.860208034515381,2.385202169418335,6.657851219177246,-4.214325428009033,-11.935639381408691
682,SURPRISED,98.6807861328125,-2.967534303665161,2.2381985187530518,6.778794765472412,-3.5929131507873535,-12.101662635803223
683,SURPRISED,95.85389709472656,-2.7833590507507324,2.674492597579956,6.557886600494385,-1.9171342849731445,-11.705757141113281
684,SURPRISED,90.42283630371094,-3.006134033203125,2.88785457611084,5.823263168334961,-1.8781598806381226,-11.564752578735352
685,SURPRISED,94.26055908203125,-3.1345882415771484,3.0573294162750244,5.241816520690918,-2.0524094104766846,-11.044099807739258
686,SURPRISED,96.9332504272461,-3.0223605632781982,2.9586989879608154,5.164873123168945,-2.330927848815918,-10.465168952941895
687,SURPRISED,97.13884735107422,-3.102219581604004,3.106947898864746,5.115478992462158,-2.0303525924682617,-10.452255249023438
688,SURPRISED,96.17941284179688,-3.07438588142395,3.2044901847839355,4.7268171310424805,-2.0065479278564453,-10.199395179748535
689,SURPRISED,89.837890625,-2.773066282272339,3.8125314712524414,5.197749614715576,-2.3514950275421143,-9.792271614074707
690,SURPRISED,59.09856033325195,-2.5637195110321045,3.971397876739502,5.3757219314575195,-2.4895613193511963,-9.886240005493164
691,CALM,56.880863189697266,-2.6264007091522217,3.995544195175171,5.595982074737549,-2.208780288696289,-9.525947570800781
692,CALM,58.638675689697266,-2.4761033058166504,4.127774715423584,5.885709762573242,-2.6304311752319336,-10.299009323120117
693,CALM,68.330078125,-2.306361436843872,4.047670364379883,6.282005786895752,-2.576979875564575,-10.082474708557129
694,CALM,70.283203125,-2.4002997875213623,4.015149116516113,6.437941551208496,-2.8080692291259766,-10.840075492858887
695,CALM,58.003910064697266,-2.607419729232788,4.106777191162109,6.112188816070557,-2.9361841678619385,-10.275961875915527
696,CALM,74.43359375,-2.674093008041382,4.384454727172852,6.0516676902771,-2.773862361907959,-10.620100975036621
697,SURPRISED,46.12007522583008,-2.8505101203918457,4.578791618347168,5.568382740020752,-3.0445127487182617,-9.759687423706055
698,SURPRISED,78.28629302978516,-2.750046491622925,4.786741733551025,5.823652267456055,-2.5129826068878174,-9.690635681152344
699,SURPRISED,91.79344940185547,-2.9530434608459473,4.855681896209717,6.060015678405762,-2.3927648067474365,-9.507019996643066
700,SURPRISED,89.30078125,-2.98606014251709,4.906732559204102,6.469003677368164,-1.8830890655517578,-9.62276840209961
701,SURPRISED,68.2215347290039,-2.940340280532837,4.853580474853516,6.836779594421387,-2.3385679721832275,-10.24018383026123
702,SURPRISED,44.42170715332031,-2.9687418937683105,5.112428188323975,7.156944274902344,-2.116894006729126,-10.466276168823242
703,CALM,48.812313079833984,-2.8671317100524902,5.1549973487854,7.60526180267334,-2.170304775238037,-11.420830726623535
704,CALM,51.167972564697266,-2.878431558609009,5.208423137664795,7.933667182922363,-1.941927433013916,-11.204675674438477
705,CALM,53.316410064697266,-2.811758041381836,5.363830089569092,7.91237211227417,-1.8632335662841797,-11.52047348022461
706,CALM,48.44028854370117,-2.767961263656616,5.402626037597656,7.575455188751221,-2.278494119644165,-11.750638008117676
707,SURPRISED,92.15323638916016,-2.959442377090454,5.6600871086120605,6.73813009262085,-2.5822479724884033,-11.510367393493652
708,SURPRISED,97.13884735107422,-2.7379698753356934,5.431554794311523,6.68743371963501,-0.5852367281913757,-11.086400032043457
709,SURPRISED,99.5202865600586,-2.331611394882202,5.37915563583374,6.202442169189453,-0.12322081625461578,-10.3544282913208
710,SURPRISED,99.79440307617188,-2.0013976097106934,5.377352237701416,6.090404510498047,0.571265459060669,-9.569561958312988
711,SURPRISED,99.69161224365234,-2.626359462738037,4.785073757171631,4.782655239105225,0.7709066271781921,-10.620586395263672
712,SURPRISED,71.9465103149414,-3.054485321044922,4.5951337814331055,4.7651047706604,0.24771709740161896,-11.104827880859375
713,CALM,99.30245208740234,-3.0001800060272217,5.29757022857666,4.376833438873291,0.20951732993125916,-11.065703392028809
714,CALM,99.16294860839844,-2.8402183055877686,5.860964775085449,4.038031578063965,0.2823600471019745,-11.625406265258789
715,CALM,97.00055694580078,-2.854132652282715,5.7368645668029785,4.080644607543945,0.06826028227806091,-10.54720401763916
716,CALM,54.781253814697266,-2.6291656494140625,5.965442657470703,3.983058214187622,0.06455209851264954,-10.719493865966797
717,SURPRISED,69.97270202636719,-2.6210808753967285,6.127087593078613,3.959196090698242,0.11039716750383377,-10.437528610229492
718,SURPRISED,95.5455093383789,-2.607597827911377,6.0604071617126465,4.080954551696777,1.3333431482315063,-10.325111389160156
719,SURPRISED,95.35704040527344,-3.081752061843872,5.800501346588135,4.391549110412598,1.1829445362091064,-10.333813667297363
720,SURPRISED,93.35252380371094,-3.322718620300293,5.755642414093018,4.585495471954346,0.9868658185005188,-10.151983261108398
721,SURPRISED,83.978515625,-3.0600414276123047,6.093502998352051,4.342721939086914,1.2662392854690552,-9.827291488647461
722,SURPRISED,70.17452239990234,-3.3322296142578125,5.973111152648926,4.66303014755249,1.1979947090148926,-9.932621955871582
723,SURPRISED,73.79725646972656,-2.956859827041626,6.393007755279541,4.9288458824157715,1.8870972394943237,-10.474365234375
724,SURPRISED,64.04174041748047,-3.1857542991638184,6.300773620605469,4.794727325439453,0.05705810338258743,-10.780546188354492
725,SURPRISED,68.55387115478516,-3.2250311374664307,6.14827823638916,5.095561981201172,-0.008907836861908436,-10.83022689819336
726,SURPRISED,86.322265625,-3.261090040206909,6.045992851257324,5.666563987731934,0.4263882040977478,-11.289777755737305
727,SURPRISED,47.818443298339844,-3.4202470779418945,5.575107097625732,6.734838485717773,0.2379283905029297,-14.737529754638672
728,CALM,91.83872985839844,-3.655324935913086,5.240857124328613,7.343430519104004,4.206531047821045,-19.233963012695312
729,CALM,90.58314514160156,-3.5319478511810303,4.607849597930908,8.035497665405273,0.8482533097267151,-19.106090545654297
730,CALM,93.58258819580078,-3.4420013427734375,4.120689392089844,8.977663040161133,0.9100630879402161,-16.615631103515625
731,CALM,96.58203125,-3.230618476867676,3.9647393226623535,9.546550750732422,0.36322101950645447,-16.401611328125
732,CALM,96.44252014160156,-3.1633341312408447,4.071726322174072,9.306307792663574,0.18992452323436737,-15.707686424255371
733,CALM,89.77783203125,-3.2355129718780518,4.339970588684082,8.55480670928955,0.045648396015167236,-15.105608940124512
734,SURPRISED,76.55368041992188,-3.3741142749786377,4.816037654876709,7.751651287078857,-0.4471288323402405,-14.057683944702148
735,SURPRISED,97.01891326904297,-3.304175615310669,4.526927471160889,7.645002841949463,-0.5586991906166077,-13.613408088684082
736,SURPRISED,99.4517593383789,-3.4377739429473877,4.173677444458008,7.038610458374023,-0.49727103114128113,-13.974090576171875
737,SURPRISED,99.6573486328125,-3.402017593383789,4.243978500366211,6.830049991607666,-0.012148492969572544,-12.033926010131836
738,SURPRISED,99.6573486328125,-3.0204999446868896,5.082109451293945,6.009559154510498,0.16302083432674408,-11.734147071838379
739,SURPRISED,99.82867431640625,-2.611370325088501,5.145963191986084,5.553852081298828,0.12706512212753296,-11.10343074798584
740,SURPRISED,99.72587585449219,-2.776869297027588,5.0830864906311035,4.510593414306641,-0.33616238832473755,-10.758633613586426
741,SURPRISED,96.62486267089844,-3.0806314945220947,4.567893981933594,4.056159973144531,-1.3076227903366089,-12.476964950561523
742,CALM,98.32588958740234,-2.7815916538238525,5.013332366943359,3.4229230880737305,-0.7678206562995911,-11.906580924987793
743,CALM,97.76786041259766,-2.933391571044922,5.070626735687256,3.0699400901794434,1.103691577911377,-12.450682640075684
744,CALM,93.86161041259766,-2.894619941711426,5.395218372344971,2.8305277824401855,1.2317488193511963,-11.360544204711914
745,CALM,90.37388610839844,-3.0163097381591797,5.681209087371826,2.837416887283325,1.2333717346191406,-11.382495880126953
746,CALM,81.7822265625,-3.057790994644165,6.331740856170654,2.963595390319824,1.458981990814209,-10.172904968261719
747,CALM,47.9055061340332,-3.18957257270813,6.091987609863281,2.856938362121582,0.9306337833404541,-10.529443740844727
748,SURPRISED,82.416015625,-3.159731864929199,5.62095308303833,3.9633917808532715,0.183257594704628,-10.439449310302734
749,SURPRISED,76.23866271972656,-3.2064085006713867,5.7128705978393555,3.9798426628112793,-0.4837886393070221,-10.289080619812012
750,SURPRISED,44.740150451660156,-3.287853956222534,5.920296669006348,4.142302513122559,0.07067251205444336,-9.605220794677734
751,CALM,44.95256805419922,-3.120908737182617,6.010801792144775,4.499359607696533,0.30427759885787964,-10.55636215209961
752,CALM,56.978519439697266,-3.1734812259674072,5.726645469665527,5.247992992401123,0.5527806282043457,-10.274608612060547
753,CALM,63.69140625,-3.2929861545562744,5.466144561767578,5.323085308074951,0.002801986178383231,-9.947772026062012
754,CALM,83.43017578125,-3.236762285232544,5.461860179901123,5.807775974273682,0.12255840003490448,-10.248261451721191
755,CALM,86.72607421875,-3.2084991931915283,5.431189060211182,6.052979469299316,0.8481828570365906,-9.71825885772705
756,CALM,86.23779296875,-3.0197789669036865,5.555997848510742,6.150740623474121,1.090721845626831,-9.970943450927734
757,CALM,83.55224609375,-3.033731698989868,5.584785461425781,6.012945175170898,0.9370558261871338,-9.879587173461914
758,CALM,83.06396484375,-3.0830817222595215,5.756769180297852,5.681859016418457,0.8360254168510437,-10.022890090942383
759,CALM,86.72607421875,-3.04822039604187,6.105620384216309,5.051405906677246,0.7489087581634521,-9.482151985168457
760,CALM,84.4677734375,-3.1276605129241943,6.207924842834473,4.073957920074463,0.5040774345397949,-9.593313217163086
761,CALM,81.11083984375,-2.9806721210479736,6.545262336730957,3.4925570487976074,0.3656473159790039,-9.502607345581055
762,CALM,67.59765625,-2.9511027336120605,7.086360931396484,2.463508367538452,0.33104395866394043,-9.321847915649414
763,SURPRISED,93.23259735107422,-2.365131378173828,6.7514328956604,2.120215654373169,0.5710662007331848,-9.320833206176758
764,SURPRISED,98.37239074707031,-2.4545884132385254,6.370107173919678,1.4446619749069214,0.9782414436340332,-9.32712173461914
765,SURPRISED,99.19476318359375,-2.410107135772705,6.197729110717773,1.4838351011276245,1.0069924592971802,-8.338650703430176
766,SURPRISED,98.93777465820312,-3.1473026275634766,5.701324939727783,0.4726274311542511,-11.946571350097656,-10.173714637756348
767,SURPRISED,92.06756591796875,-3.1465375423431396,4.112308502197266,1.2663214206695557,-15.18526554107666,-11.166939735412598
768,CALM,97.41908264160156,-3.6556198596954346,2.9970266819000244,1.6059789657592773,-14.967607498168945,-11.079052925109863
769,CALM,94.21038055419922,-3.8285083770751953,1.5574264526367188,2.3414084911346436,-14.425375938415527,-10.371206283569336
770,CALM,90.58314514160156,-4.232580661773682,0.451992392539978,2.9296326637268066,-13.720963478088379,-10.85588264465332
771,CALM,76.142578125,-4.147103309631348,-0.8480679392814636,3.666409969329834,-12.4259033203125,-11.213577270507812
772,CALM,51.705081939697266,-4.357450485229492,-1.7589682340621948,4.126430034637451,-14.213258743286133,-11.296797752380371
773,CALM,76.630859375,-4.431762218475342,-2.5651729106903076,4.052522659301758,-13.755599975585938,-10.086604118347168
774,CALM,50.191410064697266,-4.710363864898682,-3.457245111465454,3.9559452533721924,-12.97811508178711,-9.616103172302246
775,CALM,74.677734375,-4.518772602081299,-4.102433204650879,4.415088653564453,-13.043645858764648,-8.934185981750488
776,CALM,69.794921875,-4.703454494476318,-4.884465217590332,4.240735054016113,-12.850096702575684,-9.514351844787598
777,CALM,69.55078125,-5.027318477630615,-5.746875762939453,3.4061102867126465,-12.521133422851562,-8.546648025512695
778,CALM,65.64453125,-5.184925556182861,-6.361236572265625,2.79632568359375,-12.10488224029541,-8.022290229797363
779,CALM,88.43505859375,-5.183154582977295,-6.78335428237915,2.255657911300659,-12.166415214538574,-7.480750560760498
780,CALM,89.28955078125,-5.341088771820068,-7.590047836303711,1.3963512182235718,-11.840203285217285,-7.649688243865967
781,CALM,92.46651458740234,-5.268969535827637,-7.609687805175781,0.865538477897644,-11.684674263000488,-6.920604228973389
782,CALM,93.86161041259766,-5.058106422424316,-7.6578145027160645,0.4941345155239105,-11.128684043884277,-7.157013893127441
783,CALM,95.95423889160156,-5.158373832702637,-7.718811511993408,0.37139394879341125,-10.97618579864502,-7.406620979309082
784,CALM,95.1171875,-5.28887414932251,-7.645810604095459,0.15921948850154877,-10.676568031311035,-7.000175952911377
785,CALM,95.81473541259766,-5.3095245361328125,-7.551506519317627,0.07330764830112457,-10.700016975402832,-6.483558654785156
786,CALM,96.86104583740234,-5.409404754638672,-7.564428329467773,-0.022396145388484,-10.7266845703125,-5.967994689941406
787,CALM,84.16259765625,-5.524213790893555,-7.730933666229248,0.01632920652627945,-10.583460807800293,-5.969423294067383
788,SURPRISED,69.87044525146484,-5.752969741821289,-8.11372184753418,0.3416079878807068,-10.922846794128418,-5.87846040725708
789,SURPRISED,95.51123809814453,-5.756214141845703,-8.09001636505127,0.45551517605781555,-10.992966651916504,-5.712477207183838
790,SURPRISED,98.49232482910156,-5.662899017333984,-8.026688575744629,0.6461794376373291,-10.681670188903809,-5.604042053222656
791,SURPRISED,98.338134765625,-5.578770637512207,-8.083709716796875,1.0434361696243286,-11.117833137512207,-5.815648555755615
792,SURPRISED,98.90350341796875,-5.360036849975586,-8.147187232971191,1.2411575317382812,-11.258284568786621,-6.280353546142578
793,SURPRISED,99.00630950927734,-5.439291477203369,-7.9921650886535645,1.4482877254486084,-11.252582550048828,-6.23422908782959
794,SURPRISED,99.1604995727539,-5.485119342803955,-8.063512802124023,1.9212065935134888,-10.962835311889648,-6.586233139038086
795,SURPRISED,98.11540985107422,-5.531210422515869,-8.150936126708984,2.0534420013427734,-10.654426574707031,-6.735311031341553
796,SURPRISED,94.75740051269531,-5.607523441314697,-8.293463706970215,1.9018514156341553,-10.383842468261719,-7.319182395935059
797,SURPRISED,86.224609375,-5.138669967651367,-7.999309539794922,2.428978204727173,-9.73021125793457,-6.971499443054199
798,SURPRISED,65.00041198730469,-5.640969753265381,-7.932802677154541,2.8676390647888184,-9.424484252929688,-7.046606540679932
799,CONFUSED,45.205078125,-5.698261737823486,-7.459758758544922,3.7457330226898193,-9.398009300231934,-7.6743340492248535
800,CALM,44.371280670166016,-6.159090518951416,-7.147665977478027,4.413669586181641,-8.495975494384766,-8.41531753540039
801,CALM,43.04594421386719,-6.313909530639648,-6.770417213439941,5.31167459487915,-8.185347557067871,-9.021055221557617
802,CALM,43.53422546386719,-6.525007724761963,-6.276323318481445,6.349335193634033,-9.12092399597168,-8.989890098571777
803,CALM,80.50048828125,-6.253025531768799,-6.44291877746582,7.3664093017578125,-8.715523719787598,-8.609869956970215
804,CALM,92.11774444580078,-6.312431812286377,-6.557042598724365,8.20256519317627,-9.332857131958008,-8.684693336486816
805,CALM,92.95479583740234,-6.266399383544922,-6.461277008056641,8.977736473083496,-9.706442832946777,-9.289660453796387
806,CALM,93.86161041259766,-6.357933521270752,-6.480984687805176,9.154458999633789,-9.98560905456543,-9.165290832519531
807,CALM,95.04743194580078,-6.413206100463867,-6.336916923522949,9.328554153442383,-9.975301742553711,-8.676076889038086
808,CALM,43.06919479370117,-6.384103775024414,-6.292567729949951,8.80539321899414,-9.483386993408203,-9.088966369628906
809,SURPRISED,95.802490234375,-6.605792045593262,-5.923688888549805,8.128300666809082,-9.797385215759277,-9.52855396270752
810,SURPRISED,98.6807861328125,-6.276189804077148,-5.845179557800293,7.355543613433838,-10.67959213256836,-10.499541282653809
811,SURPRISED,99.19476318359375,-6.266434192657471,-6.146818161010742,7.33287239074707,-9.550003051757812,-10.894826889038086
812,SURPRISED,98.83497619628906,-6.219527244567871,-6.014095306396484,7.3449578285217285,-9.190764427185059,-10.630369186401367
813,SURPRISED,97.27590942382812,-6.125174045562744,-5.841438293457031,7.183620452880859,-9.119623184204102,-10.002737045288086
814,SURPRISED,91.31372833251953,-5.977104663848877,-5.6354522705078125,6.418360233306885,-8.754523277282715,-9.083624839782715
815,CALM,64.912109375,-5.440338134765625,-5.333645820617676,6.049282073974609,-8.57113265991211,-8.941771507263184
816,CALM,94.00111389160156,-5.31598424911499,-5.379748344421387,5.527891635894775,-8.374317169189453,-8.9583158493042
817,CALM,97.55859375,-5.13396692276001,-5.454686164855957,5.112666606903076,-8.644064903259277,-8.550469398498535
818,CALM,98.18638610839844,-4.9814581871032715,-5.341818809509277,4.242666721343994,-8.92102336883545,-9.04915714263916
819,CALM,97.41908264160156,-4.90775203704834,-5.353132247924805,3.6841795444488525,-9.156672477722168,-7.95120096206665
820,CALM,97.14006805419922,-4.879654884338379,-5.232778549194336,3.1198570728302,-9.189409255981445,-8.26074504852295
821,CALM,93.23381805419922,-5.166580677032471,-5.365594863891602,2.5169882774353027,-9.277363777160645,-8.819270133972168
822,CALM,93.86161041259766,-5.1837334632873535,-5.3587799072265625,2.310605049133301,-8.854057312011719,-8.971744537353516
823,CALM,94.34989166259766,-5.158360958099365,-5.2153000831604,2.4804978370666504,-8.813669204711914,-8.988476753234863
824,CALM,84.28466796875,-5.004805564880371,-5.204794406890869,2.446636915206909,-8.381661415100098,-10.321969985961914
825,SAD,60.185546875,-4.997276782989502,-5.08544921875,2.950965166091919,-8.55604362487793,-11.009963989257812
826,SAD,56.479488372802734,-5.072412014007568,-5.014860153198242,3.3998706340789795,-8.642558097839355,-11.353046417236328
827,SAD,90.47080993652344,-5.079871654510498,-5.005579471588135,3.475377082824707,-8.4503755569458,-11.254718780517578
828,SAD,66.630859375,-5.189158916473389,-4.789774417877197,4.107722282409668,-8.440840721130371,-11.140260696411133
829,SAD,55.551753997802734,-5.148403644561768,-4.816436290740967,4.669821739196777,-8.346942901611328,-10.987592697143555
830,CALM,56.880863189697266,-5.431180477142334,-4.69268274307251,5.524073600769043,-8.467708587646484,-10.588643074035645
831,CALM,87.1533203125,-5.61758279800415,-5.112887859344482,6.265858173370361,-10.203033447265625,-10.028002738952637
832,CALM,45.068824768066406,-5.7804484367370605,-5.430703163146973,6.761964797973633,-9.718526840209961,-9.563888549804688
833,SURPRISED,79.11322021484375,-5.651909351348877,-5.836380481719971,7.215348243713379,-9.675336837768555,-10.208456039428711
834,SURPRISED,92.01617431640625,-5.953945636749268,-6.154465198516846,7.912578105926514,-9.756418228149414,-10.550399780273438
835,SURPRISED,94.9801254272461,-6.240338325500488,-6.662819862365723,8.397457122802734,-9.61086654663086,-11.565642356872559
836,SURPRISED,96.17941284179688,-6.341993808746338,-6.836557388305664,8.862747192382812,-9.481536865234375,-11.906907081604004
837,SURPRISED,97.99547576904297,-6.42248010635376,-7.216447353363037,9.365897178649902,-8.915778160095215,-12.831622123718262
838,SURPRISED,97.87554931640625,-6.424280166625977,-7.51434850692749,10.119147300720215,-8.515241622924805,-13.562029838562012
839,SURPRISED,81.341796875,-6.593204021453857,-7.833389759063721,10.815042495727539,-6.391594409942627,-17.861295700073242
840,CALM,94.48939514160156,-6.7512593269348145,-7.828275680541992,10.859835624694824,-2.1249613761901855,-18.74256706237793
841,CALM,95.04743194580078,-6.609857082366943,-7.738574028015137,10.370387077331543,0.34628501534461975,-16.97916030883789
842,CALM,93.23381805419922,-6.7644476890563965,-7.99041223526001,10.139785766601562,-6.320430755615234,-21.39378547668457
843,CALM,69.794921875,-6.3789286613464355,-7.926393985748291,9.263855934143066,-6.783502101898193,-17.599811553955078
844,CALM,46.115142822265625,-6.216969966888428,-7.862968921661377,8.82534408569336,-7.923966407775879,-15.896174430847168
845,SURPRISED,54.591346740722656,-5.68309211730957,-7.840326309204102,8.588092803955078,-8.846808433532715,-15.152252197265625
846,SURPRISED,67.14781951904297,-5.472352981567383,-7.78261661529541,8.16129207611084,-8.717941284179688,-14.477540969848633
847,SURPRISED,66.77713775634766,-5.170705795288086,-7.813220500946045,7.443874359130859,-9.156309127807617,-13.666197776794434
848,SURPRISED,48.4553337097168,-5.0481109619140625,-8.206991195678711,7.083180904388428,-9.27011775970459,-13.49569034576416
849,CALM,46.69642639160156,-5.275203704833984,-8.442877769470215,6.580225467681885,-10.000173568725586,-12.659218788146973
850,CALM,49.92838668823242,-5.146083354949951,-8.489062309265137,6.11134672164917,-10.063482284545898,-11.961201667785645
851,CALM,50.923831939697266,-4.8960957527160645,-8.646172523498535,5.572953701019287,-10.122701644897461,-11.736209869384766
852,CALM,47.9055061340332,-4.796004295349121,-8.67711353302002,5.013561248779297,-10.193524360656738,-11.519637107849121
853,CALM,48.09151840209961,-4.956319808959961,-8.648834228515625,4.2359185218811035,-10.104982376098633,-10.91884708404541
854,CALM,44.627044677734375,-4.9014153480529785,-8.69459342956543,3.6629841327667236,-10.134502410888672,-10.92806339263916
855,SURPRISED,62.95525360107422,-4.6166887283325195,-8.561189651489258,2.9203453063964844,-9.704298973083496,-10.55621337890625
856,SURPRISED,63.210899353027344,-4.316775798797607,-8.555206298828125,2.1822218894958496,-9.531591415405273,-9.962151527404785
857,SURPRISED,65.63951873779297,-4.412764549255371,-8.493206024169922,2.3712735176086426,-8.37047004699707,-9.580065727233887
858,SURPRISED,37.42258071899414,-4.491399765014648,-8.419329643249512,2.3221797943115234,-8.153475761413574,-9.385698318481445
859,CALM,47.18470764160156,-4.543152809143066,-8.427573204040527,2.286393880844116,-8.163252830505371,-9.415321350097656
860,CALM,61.73828125,-4.660665988922119,-8.461515426635742,2.26283860206604,-8.321688652038574,-9.635157585144043
861,CALM,83.61328125,-4.688462734222412,-8.335277557373047,2.1688380241394043,-8.098257064819336,-9.779317855834961
862,CALM,84.65087890625,-4.577270030975342,-8.234209060668945,2.435164451599121,-8.325600624084473,-9.852348327636719
863,CALM,84.16259765625,-4.5855817794799805,-8.254386901855469,2.444894313812256,-7.989321708679199,-10.330241203308105
864,CALM,84.40673828125,-4.613855361938477,-8.137714385986328,2.5644524097442627,-7.552117824554443,-10.259270668029785
865,CALM,87.33642578125,-4.7238569259643555,-7.952437400817871,2.5783848762512207,-7.442622661590576,-10.112271308898926
866,CALM,83.2470703125,-4.878830432891846,-7.951361656188965,2.559495449066162,-7.2465057373046875,-9.99956226348877
867,CALM,85.74951171875,-5.052204132080078,-7.612375736236572,2.9726738929748535,-7.301755905151367,-9.049396514892578
868,CALM,90.16461944580078,-5.040005207061768,-7.471586227416992,3.4594383239746094,-6.958391189575195,-9.399024963378906
869,CALM,74.43359375,-5.0076799392700195,-7.24054479598999,4.964871406555176,-7.8871026039123535,-10.899938583374023
870,SURPRISED,68.51551818847656,-5.339649677276611,-7.084237575531006,6.938874244689941,-7.48760986328125,-15.34874439239502
871,CALM,83.7353515625,-5.974843978881836,-6.996651649475098,9.56236743927002,-5.511190891265869,-18.439138412475586
872,CALM,91.07142639160156,-6.221787929534912,-6.950088024139404,11.457043647766113,-5.229981899261475,-18.324031829833984
873,CALM,89.716796875,-6.339605331420898,-6.026334762573242,13.2904052734375,-6.332076072692871,-17.424827575683594
874,CALM,88.984375,-6.7079176902771,-5.776873588562012,14.513943672180176,-6.40411901473999,-16.99310302734375
875,CALM,94.140625,-7.002881050109863,-5.4445343017578125,15.045238494873047,-7.041601181030273,-15.497841835021973
876,CALM,95.25669860839844,-6.5663981437683105,-5.684492588043213,14.439592361450195,-7.311723709106445,-14.739134788513184
877,CALM,96.72154235839844,-6.146944999694824,-5.605257987976074,13.268755912780762,-7.684793949127197,-14.625226020812988
878,CALM,97.14006805419922,-5.661890983581543,-5.607339859008789,12.130005836486816,-8.045618057250977,-14.853459358215332
879,CALM,97.41908264160156,-5.37238073348999,-5.212549686431885,10.579410552978516,-8.542980194091797,-14.005184173583984
880,CALM,97.27957916259766,-5.070589065551758,-5.008224010467529,8.929359436035156,-8.380337715148926,-13.200217247009277
881,CALM,96.16350555419922,-4.462761402130127,-4.820774078369141,7.589205741882324,-8.014047622680664,-11.842061042785645
882,CALM,97.00055694580078,-4.520497798919678,-4.805513858795166,6.143038272857666,-8.363238334655762,-11.392670631408691
883,CALM,97.14006805419922,-4.331547737121582,-4.71812105178833,4.51547908782959,-8.118724822998047,-11.190364837646484
884,CALM,96.86104583740234,-4.196768760681152,-4.726570129394531,3.6630969047546387,-8.079509735107422,-10.735662460327148
885,CALM,96.58203125,-4.06019926071167,-4.582519054412842,3.0970327854156494,-7.824558734893799,-10.217947006225586
886,CALM,97.00055694580078,-4.060852527618408,-4.461093902587891,2.735640287399292,-7.73401403427124,-10.854180335998535
887,CALM,95.81473541259766,-3.9274942874908447,-4.2187371253967285,2.2955830097198486,-7.870371341705322,-10.814212799072266
888,CALM,97.14006805419922,-3.9017109870910645,-4.232181072235107,1.9483298063278198,-7.445064544677734,-10.52534008026123
889,CALM,97.69810485839844,-3.6762447357177734,-4.442638874053955,1.4143167734146118,-7.836081504821777,-10.573210716247559
890,CALM,98.32588958740234,-4.0337090492248535,-4.537991046905518,0.9181100726127625,-7.997528076171875,-9.937496185302734
891,CALM,95.67522430419922,-4.06680154800415,-4.537759304046631,0.7316652536392212,-8.311636924743652,-9.55882453918457
892,CALM,72.236328125,-4.17372989654541,-4.363295555114746,0.7773217558860779,-8.43616008758545,-9.520365715026855
893,SURPRISED,93.23259735107422,-4.219248294830322,-4.221434593200684,0.8629770278930664,-9.59575366973877,-9.724874496459961
894,SURPRISED,96.31647491455078,-4.428189754486084,-4.3664164543151855,1.4385653734207153,-9.4531831741333,-9.481651306152344
895,SURPRISED,66.85383605957031,-4.4471755027771,-4.05300235748291,1.8980878591537476,-8.593785285949707,-9.572269439697266
896,CALM,94.140625,-4.950486660003662,-3.6489098072052,3.014258623123169,-8.056644439697266,-10.881415367126465
897,CALM,53.707035064697266,-4.997122287750244,-3.82397723197937,4.078418254852295,-8.406492233276367,-10.894272804260254
898,SAD,63.603515625,-4.914206027984619,-4.029060363769531,5.336127758026123,-8.967480659484863,-11.779126167297363
899,SAD,49.189453125,-5.132940769195557,-3.8725998401641846,6.292952060699463,-8.693999290466309,-11.622415542602539
900,CALM,57.759769439697266,-5.176834583282471,-3.9234797954559326,6.688647747039795,-8.60339641571045,-12.267656326293945
901,CALM,88.8623046875,-5.314956188201904,-3.9473328590393066,7.363574504852295,-7.331066131591797,-11.445531845092773
902,CALM,91.97823333740234,-5.450566291809082,-4.0866804122924805,7.631367206573486,-7.375002861022949,-11.054499626159668
903,CALM,59.419925689697266,-5.581502914428711,-4.3170928955078125,7.413147449493408,-7.044183254241943,-10.801426887512207
904,CALM,48.835567474365234,-5.7492356300354,-4.400173187255859,7.342801094055176,-7.2122602462768555,-10.728403091430664
905,SURPRISED,61.38303756713867,-5.61539888381958,-4.573461055755615,7.316621780395508,-7.04824686050415,-10.851014137268066
906,CALM,50.289066314697266,-5.781955718994141,-4.7347283363342285,7.0890703201293945,-7.055703163146973,-11.00779914855957
907,CALM,92.46651458740234,-5.563610076904297,-4.495053291320801,7.159087181091309,-7.033900737762451,-11.26390552520752
908,CALM,96.30301666259766,-5.382172107696533,-4.322573184967041,7.052988052368164,-6.864650249481201,-11.439840316772461
909,CALM,97.00055694580078,-5.199765205383301,-4.276749134063721,6.726024150848389,-6.831518650054932,-11.606502532958984
910,CALM,96.72154235839844,-5.220305919647217,-4.278155326843262,6.167136192321777,-6.810390472412109,-11.65121841430664
911,CALM,96.72154235839844,-5.166208267211914,-4.25275993347168,5.8839640617370605,-6.962352275848389,-11.692314147949219
912,CALM,96.58203125,-5.250012397766113,-4.236546993255615,5.3610358238220215,-6.8610334396362305,-11.704365730285645
913,CALM,96.16350555419922,-5.140211582183838,-4.027876853942871,4.823766708374023,-5.936227321624756,-11.364078521728516
914,CALM,92.95479583740234,-5.055352687835693,-4.019005298614502,4.818249225616455,-5.750969409942627,-11.625345230102539
915,CALM,92.74553680419922,-4.731368064880371,-3.6849770545959473,4.2239670753479,-5.470643043518066,-11.842121124267578
916,CALM,81.47705078125,-4.821389198303223,-3.4541523456573486,4.2500529289245605,-4.713854789733887,-11.093957901000977
917,SURPRISED,83.099609375,-5.0086493492126465,-3.395744800567627,3.6184468269348145,-5.143357753753662,-11.201231002807617
918,SURPRISED,96.29934692382812,-4.917917251586914,-3.0893638134002686,3.0884337425231934,-5.279733180999756,-11.519030570983887
919,SURPRISED,93.60951232910156,-4.744911193847656,-2.8125500679016113,2.8896613121032715,-5.755389213562012,-10.635233879089355
920,SURPRISED,92.78714752197266,-4.745650291442871,-2.8499529361724854,2.6788806915283203,-5.533405780792236,-9.755060195922852
921,SURPRISED,77.89251708984375,-4.655221462249756,-2.5788400173187256,2.5174293518066406,-4.922856330871582,-9.732902526855469
922,CALM,80.3173828125,-4.494387149810791,-3.149937391281128,2.3034539222717285,-4.823703765869141,-10.020096778869629
923,CALM,86.4208984375,-4.497446537017822,-3.1361372470855713,2.2875099182128906,-4.566625118255615,-10.247797966003418
924,CALM,59.712894439697266,-4.442351341247559,-3.127274990081787,2.488875150680542,-4.976146697998047,-9.965011596679688
925,CALM,51.070316314697266,-4.422539710998535,-3.087618827819824,2.406256914138794,-4.810449600219727,-10.004223823547363
926,CALM,80.13427734375,-4.340853214263916,-3.1295526027679443,2.2808644771575928,-5.5780415534973145,-9.606290817260742
927,CALM,81.84326171875,-4.565917015075684,-2.732699394226074,2.065390110015869,-5.3217692375183105,-9.413312911987305
928,CALM,84.65087890625,-4.6284308433532715,-2.5429470539093018,2.056891441345215,-5.495004177093506,-9.674554824829102
929,CALM,71.9921875,-4.744061470031738,-2.7909657955169678,2.5336532592773438,-5.564742565155029,-9.781319618225098
930,CALM,62.2265625,-4.967750549316406,-2.7587289810180664,2.8321967124938965,-5.650030612945557,-9.606013298034668
931,CALM,56.734378814697266,-5.110484600067139,-2.6935875415802,3.3168981075286865,-5.750723838806152,-9.90307331085205
932,CALM,78.095703125,-5.277822971343994,-2.5044422149658203,3.356916904449463,-5.814631938934326,-10.021894454956055
933,CONFUSED,34.7607421875,-5.134645462036133,-2.522095203399658,3.824920654296875,-6.138483047485352,-10.04699420928955
934,SURPRISED,97.19024658203125,-5.2396392822265625,-2.679795265197754,3.660834312438965,-6.168877124786377,-10.26329231262207
935,SURPRISED,98.08113861083984,-5.034284591674805,-2.4894440174102783,3.6082561016082764,-5.893712997436523,-10.701799392700195
936,SURPRISED,98.80071258544922,-4.984538555145264,-2.583970785140991,3.908627510070801,-6.432219982147217,-10.812860488891602
937,SURPRISED,98.97203826904297,-4.998314380645752,-2.5703883171081543,4.015566825866699,-6.650453567504883,-11.338038444519043
938,SURPRISED,98.80071258544922,-5.072220325469971,-2.381403923034668,4.472740173339844,-5.966163635253906,-11.7177095413208
939,SURPRISED,97.48149871826172,-5.203691005706787,-2.7132089138031006,4.456440448760986,-6.551838397979736,-12.164751052856445
940,SURPRISED,94.431884765625,-5.057934761047363,-2.395448684692383,4.507609844207764,-5.825237274169922,-11.840604782104492
941,SURPRISED,84.02734375,-5.254225730895996,-2.7561964988708496,5.147943496704102,-5.748027801513672,-11.653973579406738
942,CALM,39.37220764160156,-5.559695243835449,-2.6909677982330322,5.48032808303833,-5.90889835357666,-11.622933387756348
943,CALM,58.736331939697266,-5.5825676918029785,-2.8891961574554443,5.098604679107666,-6.125599384307861,-11.47005558013916
944,CALM,91.48995208740234,-5.734785079956055,-2.7778220176696777,5.242915630340576,-5.800931453704834,-11.864855766296387
945,CALM,92.11774444580078,-5.821379661560059,-2.7692348957061768,5.378516674041748,-5.684255123138428,-11.692740440368652
946,CALM,87.33642578125,-5.681426525115967,-2.832357168197632,5.357572078704834,-5.7009687423706055,-12.086967468261719
947,CALM,86.72607421875,-5.702529430389404,-2.9155759811401367,5.24846076965332,-5.819910526275635,-11.576449394226074
948,CALM,52.828128814697266,-5.371095180511475,-3.330576181411743,4.71411657333374,-5.949509143829346,-11.427184104919434
949,CALM,81.0498046875,-5.378893852233887,-3.3564352989196777,4.3286004066467285,-5.361709117889404,-11.762578010559082
950,CALM,91.97823333740234,-5.457988262176514,-3.0557217597961426,4.325045108795166,-4.940670490264893,-11.944132804870605
951,CALM,89.3505859375,-5.634325981140137,-3.054680109024048,4.27867317199707,-5.069880485534668,-12.440675735473633
952,CALM,66.865234375,-5.586758136749268,-2.988072633743286,4.170284271240234,-4.793262958526611,-12.842872619628906
953,CALM,58.443363189697266,-5.402499198913574,-2.7521605491638184,4.178107261657715,-4.637561321258545,-13.336220741271973
954,CALM,58.833988189697266,-5.274417400360107,-2.4758992195129395,3.9965574741363525,-4.760819435119629,-13.645666122436523
955,CALM,86.60400390625,-4.8477983474731445,-2.256614923477173,3.878035545349121,-4.528224945068359,-14.54751205444336
956,CALM,80.3173828125,-4.691495895385742,-2.140781879425049,3.987931251525879,-4.056790828704834,-17.394296646118164
957,CALM,90.72265625,-4.754852294921875,-2.303037166595459,4.233230113983154,-3.460944175720215,-18.376989364624023
958,CALM,85.26123046875,-4.622213363647461,-2.0821523666381836,3.9939768314361572,-4.558504581451416,-18.441801071166992
959,CALM,54.976566314697266,-4.496262073516846,-2.1863210201263428,3.6063127517700195,-4.445760726928711,-18.556087493896484
960,CALM,52.486331939697266,-4.4623494148254395,-2.199359893798828,3.657808780670166,-5.273905277252197,-19.05880355834961
961,CALM,83.9794921875,-4.359230995178223,-2.2938477993011475,3.5845093727111816,4.603417873382568,-16.816320419311523
962,CALM,86.4208984375,-4.309195518493652,-2.3378748893737793,3.558001756668091,9.650003433227539,-17.985563278198242
963,CALM,88.0078125,-3.9726788997650146,-2.0029754638671875,3.9892091751098633,8.826905250549316,-18.861989974975586
964,CALM,77.36328125,-3.9556376934051514,-2.088646173477173,3.8775060176849365,2.9824156761169434,-16.57649040222168
965,SURPRISED,81.09765625,-4.0955095291137695,-2.290295362472534,4.728026390075684,-2.7157320976257324,-23.082839965820312
966,SURPRISED,95.2542495727539,-4.012556552886963,-1.936056137084961,5.073416709899902,-4.153439521789551,-20.04789161682129
967,SURPRISED,95.7510986328125,-4.085341930389404,-1.9819432497024536,5.457053184509277,-4.502889156341553,-19.002023696899414
968,SURPRISED,97.9098129272461,-3.9731998443603516,-1.9404840469360352,5.726183891296387,-5.4265642166137695,-18.362457275390625
969,SURPRISED,98.23533630371094,-3.8743724822998047,-2.059713363647461,6.071455001831055,-5.653425216674805,-18.183706283569336
970,SURPRISED,98.6807861328125,-3.8733561038970947,-1.998665690422058,6.131907939910889,-5.877762317657471,-17.690763473510742
971,SURPRISED,98.61225128173828,-3.8446671962738037,-2.142700433731079,6.2321624755859375,-5.744843006134033,-17.78899383544922
972,SURPRISED,98.14966583251953,-4.184075832366943,-2.196094512939453,6.085663795471191,-5.743984699249268,-16.41031265258789
973,SURPRISED,69.99826049804688,-4.441300392150879,-2.1611380577087402,5.720230579376221,-5.677905082702637,-14.700153350830078
974,CALM,94.48939514160156,-4.630522727966309,-2.1745197772979736,5.441898345947266,-5.026645660400391,-14.726512908935547
975,CALM,83.61328125,-4.592471122741699,-2.175420045852661,4.667224884033203,-5.530975818634033,-14.547703742980957
976,CALM,51.021488189697266,-4.220177173614502,-2.1701862812042236,4.205471515655518,-4.7353715896606445,-14.02774715423584
977,CALM,58.882816314697266,-3.772822380065918,-1.829479694366455,3.5582878589630127,-4.138068199157715,-12.995461463928223
978,CALM,36.72153854370117,-3.695154905319214,-2.052272319793701,3.0710830688476562,-4.369006156921387,-12.120368003845215
979,CONFUSED,36.67898941040039,-3.840470790863037,-1.8730199337005615,1.9435656070709229,-3.866041898727417,-11.634594917297363
980,SURPRISED,71.552734375,-3.8020384311676025,-1.6899659633636475,1.170814037322998,-4.499568462371826,-11.609445571899414
981,SURPRISED,78.32566833496094,-3.8996083736419678,-1.8476265668869019,0.1945744752883911,-3.4827587604522705,-14.275068283081055
982,CALM,47.300968170166016,-4.006141185760498,-2.0351483821868896,-0.20289310812950134,-2.8369028568267822,-21.666351318359375
983,CALM,93.37332916259766,-3.395418167114258,-2.1560497283935547,-1.3486665487289429,5.55686616897583,-17.12480354309082
984,CALM,93.37332916259766,-2.955749988555908,-2.6983819007873535,-1.9839341640472412,5.055422306060791,-17.200273513793945
985,CALM,95.1171875,-3.035355806350708,-2.9965736865997314,-2.3750243186950684,6.637308597564697,-18.624502182006836
986,CALM,96.44252014160156,-3.178894281387329,-3.1464760303497314,-2.7510712146759033,2.1798620223999023,-15.872550964355469
987,CALM,84.1015625,-3.27724552154541,-3.129495620727539,-2.8025991916656494,-5.476019859313965,-19.36797523498535
988,SAD,46.6015625,-3.194275140762329,-2.9115846157073975,-2.7890710830688477,-5.016125202178955,-16.55307960510254
989,SAD,58.505855560302734,-3.230545997619629,-2.8596038818359375,-2.658696413040161,-3.8049309253692627,-13.014212608337402
990,SAD,56.577144622802734,-3.1153011322021484,-3.0979654788970947,-2.218336343765259,-4.527225971221924,-11.713582038879395
991,CALM,49.323848724365234,-2.988895893096924,-3.4065356254577637,-1.992002010345459,-3.770721673965454,-10.354652404785156
992,CALM,49.6726188659668,-3.0408668518066406,-3.469228506088257,-1.7991244792938232,-3.552973508834839,-10.074440002441406
993,SAD,61.943359375,-3.5334880352020264,-3.9142417907714844,-2.237490177154541,-4.031558990478516,-10.053147315979004
994,SAD,65.5078125,-3.266050100326538,-3.9387850761413574,-1.7610538005828857,-3.893890619277954,-9.80429744720459
995,SAD,84.7265625,-3.7994349002838135,-4.283482074737549,-1.7869459390640259,-3.8034985065460205,-10.020288467407227
996,SAD,64.677734375,-3.8180460929870605,-4.407793045043945,-1.852248191833496,-3.604851484298706,-10.302587509155273
997,SAD,90.10073852539062,-3.8214800357818604,-4.324974536895752,-1.960385799407959,-4.551395416259766,-10.238107681274414
998,SAD,90.68667602539062,-3.944497585296631,-4.317143440246582,-2.0474979877471924,-4.240207672119141,-10.719722747802734
999,SAD,68.583984375,-4.04397439956665,-4.206151008605957,-2.0898075103759766,-4.075368881225586,-10.62125015258789
1000,SAD,57.529293060302734,-3.9584462642669678,-4.140885829925537,-2.1911697387695312,-4.348284721374512,-10.52639102935791
1001,SAD,52.133785247802734,-3.8592002391815186,-4.126673698425293,-2.2217800617218018,-4.472135543823242,-10.514692306518555
1002,SAD,50.571285247802734,-3.7645654678344727,-3.934951066970825,-2.275817632675171,-4.522505283355713,-10.762168884277344
1003,SAD,90.01850128173828,-3.339989185333252,-3.8340470790863037,-1.9136683940887451,-4.501835823059082,-10.569019317626953
1004,SAD,67.216796875,-3.349368095397949,-3.6970441341400146,-1.5062934160232544,-4.739621639251709,-10.799237251281738
1005,SAD,55.039058685302734,-3.274458169937134,-3.3365604877471924,-1.2341597080230713,-5.2387590408325195,-10.171697616577148
1006,SAD,63.310546875,-3.298884153366089,-2.8987855911254883,-0.5362301468849182,-5.753421306610107,-10.331459999084473
1007,SAD,56.796871185302734,-3.3910553455352783,-2.5785093307495117,0.02402719482779503,-6.0111165046691895,-10.371895790100098
1008,CALM,45.30133819580078,-3.30184268951416,-2.538043975830078,1.4432415962219238,-6.4822516441345215,-9.602910995483398
1009,SURPRISED,63.172550201416016,-3.2545840740203857,-2.2492661476135254,2.102001905441284,-7.117219924926758,-10.294520378112793
1010,SURPRISED,69.99826049804688,-3.194746971130371,-2.055185079574585,3.024073600769043,-7.65994119644165,-10.431991577148438
1011,SURPRISED,88.8125,-3.347076654434204,-1.9240280389785767,3.914055585861206,-8.124429702758789,-11.350825309753418
1012,SURPRISED,98.26959991455078,-3.2606313228607178,-1.6572602987289429,4.489198207855225,-8.399188995361328,-11.760111808776855
1013,SURPRISED,98.45806121826172,-3.3426904678344727,-1.428980827331543,4.849044322967529,-8.338183403015137,-12.444872856140137
1014,SURPRISED,99.4517593383789,-3.248758316040039,-1.4054046869277954,5.4489569664001465,-8.781155586242676,-13.78385066986084
1015,SURPRISED,99.3660888671875,-3.1332554817199707,-1.2300958633422852,5.879984378814697,-8.687056541442871,-14.090716361999512
1016,SURPRISED,99.43462371826172,-2.9734833240509033,-1.1612586975097656,5.7933783531188965,-8.821057319641113,-14.356949806213379
1017,SURPRISED,99.40035247802734,-2.9745097160339355,-1.2005279064178467,5.9066877365112305,-8.566104888916016,-14.688855171203613
1018,SURPRISED,99.4517593383789,-3.2866599559783936,-1.100649118423462,5.826945781707764,-6.3072943687438965,-15.120218276977539
1019,SURPRISED,99.33182525634766,-3.4410247802734375,-1.0617403984069824,5.703407287597656,-6.0896148681640625,-15.53764533996582
1020,SURPRISED,99.33182525634766,-3.718881130218506,-1.1787513494491577,5.177652835845947,-5.427586555480957,-15.142325401306152
1021,SURPRISED,98.21820068359375,-4.223869800567627,-1.4010484218597412,4.474920749664307,-4.842447280883789,-14.636306762695312
1022,SURPRISED,67.36511993408203,-4.13803243637085,-1.4921753406524658,3.8127434253692627,-4.751317977905273,-14.047663688659668
1023,CALM,96.58203125,-4.138409614562988,-1.7248197793960571,3.4666686058044434,-5.559512615203857,-13.731502532958984
1024,CALM,98.18638610839844,-4.435293197631836,-1.8541139364242554,2.798753023147583,-4.984954357147217,-13.386634826660156
1025,CALM,97.90736389160156,-4.320980548858643,-2.1420559883117676,2.3215880393981934,-4.7837748527526855,-12.845887184143066
1026,CALM,97.00055694580078,-4.004080295562744,-2.5618526935577393,2.3652238845825195,-4.367620944976807,-12.369951248168945
1027,CALM,90.02510833740234,-4.089480400085449,-2.5165164470672607,2.293410539627075,-3.8474888801574707,-12.561307907104492
1028,CALM,68.818359375,-3.867804527282715,-2.37646746635437,2.0696065425872803,-3.3457911014556885,-12.162266731262207
1029,CALM,57.027347564697266,-3.8642804622650146,-2.342482805252075,2.0570404529571533,-3.5044848918914795,-12.062496185302734
1030,CALM,52.925785064697266,-3.831031560897827,-2.276890277862549,2.1395492553710938,-3.5634829998016357,-11.054003715515137
1031,CALM,59.566410064697266,-4.04508638381958,-2.6964614391326904,2.212376117706299,-3.410416841506958,-11.02664566040039
1032,CALM,57.027347564697266,-4.139229774475098,-2.9042229652404785,2.2116310596466064,-3.283576488494873,-11.536133766174316
1033,CALM,52.193363189697266,-4.297389507293701,-3.00169038772583,2.412036180496216,-3.1370184421539307,-11.620615005493164
1034,CALM,52.486331939697266,-4.459733009338379,-3.0031704902648926,2.4177968502044678,-3.2195770740509033,-11.492870330810547
1035,CALM,57.759769439697266,-4.585899829864502,-2.9707539081573486,2.369157314300537,-3.075486183166504,-11.923563957214355
1036,CALM,53.902347564697266,-4.733212471008301,-2.870753049850464,2.2791988849639893,-3.01509690284729,-11.873428344726562
1037,CALM,78.583984375,-4.684966087341309,-3.239968776702881,2.7120800018310547,-3.4246034622192383,-11.703341484069824
1038,CALM,93.09430694580078,-4.763774394989014,-3.0171127319335938,2.1940016746520996,-3.444225549697876,-12.504165649414062
1039,CALM,86.84814453125,-4.604861259460449,-2.93697452545166,2.1245498657226562,-2.7077066898345947,-12.250006675720215
1040,CALM,88.67919921875,-4.456209182739258,-2.904916286468506,2.049539566040039,-2.0966784954071045,-12.310449600219727
1041,CALM,89.04541015625,-4.486664772033691,-2.870540142059326,1.9027023315429688,-1.7211402654647827,-12.3314208984375
1042,CALM,92.1875,-4.341410160064697,-2.7061522006988525,1.7661452293395996,-1.347733974456787,-11.68166732788086
1043,CALM,85.4443359375,-4.400119781494141,-2.391404151916504,1.6869696378707886,-1.6786144971847534,-12.110407829284668
1044,CALM,44.67354965209961,-4.442879676818848,-2.6041998863220215,1.634006142616272,-1.6677802801132202,-12.318655014038086
1045,SURPRISED,96.98464965820312,-4.490245342254639,-2.8507649898529053,1.461456298828125,-2.2132866382598877,-11.129617691040039
1046,SURPRISED,97.17310333251953,-4.6155805587768555,-3.053377866744995,1.522697925567627,-2.2314224243164062,-11.122013092041016
1047,SURPRISED,98.3895263671875,-4.556756496429443,-2.8667569160461426,1.6312555074691772,-2.0288336277008057,-12.173417091369629
1048,SURPRISED,98.74931335449219,-4.449770927429199,-2.9517102241516113,1.941919207572937,-2.1068267822265625,-11.754685401916504
1049,SURPRISED,98.45806121826172,-4.444549560546875,-2.823610782623291,2.339338779449463,-1.7518852949142456,-10.58770751953125
1050,SURPRISED,93.09552764892578,-4.422963619232178,-2.814520835876465,2.749652624130249,-1.7799369096755981,-10.901942253112793
1051,CALM,80.3173828125,-4.682641983032227,-2.5483882427215576,2.9186806678771973,-1.8921161890029907,-10.475868225097656
1052,CALM,89.716796875,-4.769814491271973,-2.4440815448760986,2.9353809356689453,-1.6015031337738037,-10.39879322052002
1053,CALM,89.16748046875,-5.0222954750061035,-2.309739351272583,3.084815502166748,-1.6420352458953857,-10.111371994018555
1054,SURPRISED,57.78395462036133,-4.851878643035889,-2.5277605056762695,2.730361223220825,-1.9017949104309082,-10.293797492980957
1055,SURPRISED,95.83676147460938,-4.891573905944824,-2.3867413997650146,2.776301145553589,-2.06423282623291,-10.45986557006836
1056,SURPRISED,99.05770111083984,-4.723618507385254,-2.225318193435669,2.884510040283203,-2.297663450241089,-10.201757431030273
1057,SURPRISED,99.19476318359375,-4.82942533493042,-2.246293544769287,2.889324426651001,-2.127671480178833,-10.444092750549316
1058,SURPRISED,99.48601531982422,-4.900704383850098,-2.2854795455932617,3.059047222137451,-2.3152947425842285,-10.549829483032227
1059,SURPRISED,99.76014709472656,-4.986607074737549,-2.118603229522705,3.512812614440918,-2.548863172531128,-10.553031921386719
1060,SURPRISED,99.76014709472656,-4.921220302581787,-1.8896993398666382,3.422323703765869,-2.1669700145721436,-11.212418556213379
1061,SURPRISED,99.79440307617188,-5.0668840408325195,-1.8445703983306885,3.6346845626831055,-2.0267493724823,-11.294453620910645
1062,SURPRISED,99.79440307617188,-4.957328796386719,-1.7838085889816284,3.8599843978881836,-2.355295419692993,-11.19085693359375
1063,SURPRISED,99.76014709472656,-5.094868183135986,-1.725115418434143,4.094467639923096,-2.2388908863067627,-11.260302543640137
1064,SURPRISED,99.79440307617188,-4.924332141876221,-1.611859679222107,4.163299083709717,-2.706216812133789,-11.372482299804688
1065,SURPRISED,99.43462371826172,-5.059683322906494,-1.6218657493591309,4.0011982917785645,-2.6083624362945557,-11.961562156677246
1066,SURPRISED,99.09197235107422,-4.882020473480225,-1.5147687196731567,3.5048177242279053,-2.4185190200805664,-12.691657066345215
1067,SURPRISED,97.66996002197266,-4.811218738555908,-1.381176471710205,3.5903589725494385,-2.592022180557251,-12.34519100189209
1068,SURPRISED,97.96121215820312,-4.793893814086914,-1.2844171524047852,3.447741746902466,-2.5120933055877686,-12.306170463562012
1069,SURPRISED,98.42378997802734,-4.814495086669922,-1.4413162469863892,3.1001434326171875,-2.45000958442688,-12.30163860321045
1070,SURPRISED,99.00630950927734,-4.872569561004639,-1.2458221912384033,3.049732208251953,-2.489715814590454,-12.432947158813477
1071,SURPRISED,99.05770111083984,-5.38397216796875,-1.2899539470672607,2.7855920791625977,-2.5305798053741455,-11.644041061401367
1072,SURPRISED,99.29756164550781,-5.245616912841797,-1.206543207168579,3.076998233795166,-2.586516857147217,-11.327059745788574
1073,SURPRISED,99.55455017089844,-5.292868614196777,-1.120210886001587,2.8486320972442627,-2.672816276550293,-10.974087715148926
1074,SURPRISED,99.69161224365234,-5.225900173187256,-1.1135419607162476,2.3574962615966797,-2.146165609359741,-11.321650505065918
1075,SURPRISED,99.48601531982422,-5.212069988250732,-1.111228108406067,1.8738025426864624,-1.9517382383346558,-12.080554962158203
1076,SURPRISED,95.4598388671875,-5.114798545837402,-0.7194310426712036,1.5240776538848877,-2.4974961280822754,-12.855030059814453
1077,CALM,90.51338958740234,-5.232117176055908,-0.867686927318573,1.0585298538208008,-0.15777109563350677,-12.841894149780273
1078,CALM,97.00055694580078,-5.1367363929748535,-0.7127033472061157,1.2651705741882324,-0.12560079991817474,-12.755780220031738
1079,CALM,96.58203125,-5.171622276306152,-0.6298143863677979,1.0564188957214355,-0.14720897376537323,-12.442445755004883
1080,CALM,97.27957916259766,-5.002386569976807,-0.6636967062950134,0.9528169631958008,0.02954777330160141,-12.528550148010254
1081,CALM,99.30245208740234,-5.102282524108887,-0.8477696180343628,1.0652660131454468,0.26424703001976013,-12.537262916564941
1082,SURPRISED,97.94408416748047,-4.936009407043457,-0.8635126948356628,0.9460648894309998,0.6135404109954834,-12.054993629455566
1083,SURPRISED,99.26329040527344,-4.8795599937438965,-0.7582410573959351,0.8968735933303833,0.8723276257514954,-11.519716262817383
1084,SURPRISED,99.48601531982422,-4.86191987991333,-0.7606069445610046,0.9984992742538452,0.5790550112724304,-11.658379554748535
1085,SURPRISED,99.62308502197266,-5.075056076049805,-0.9749683141708374,1.438768982887268,0.35311636328697205,-12.190637588500977
1086,SURPRISED,99.55455017089844,-4.997308254241943,-0.9798007607460022,1.4533729553222656,0.3409682512283325,-12.237894058227539
1087,SURPRISED,99.04056549072266,-5.025816917419434,-1.060245156288147,1.6589500904083252,0.7160038948059082,-11.901121139526367
1088,SURPRISED,97.5500259399414,-4.921389102935791,-0.8544445633888245,2.2464022636413574,0.8330405354499817,-11.926095962524414
1089,SURPRISED,92.71861267089844,-4.845874786376953,-0.606978714466095,2.0746922492980957,0.20254798233509064,-11.754568099975586
1090,SURPRISED,91.60498809814453,-4.918916702270508,-0.4396168291568756,2.1459407806396484,0.35551708936691284,-12.140226364135742
1091,SURPRISED,84.759765625,-5.326304912567139,-0.2782508432865143,2.8087761402130127,0.533147931098938,-12.32896614074707
1092,SURPRISED,83.5390625,-5.192037105560303,-0.23567338287830353,2.6678614616394043,0.6180970668792725,-12.257743835449219
1093,SURPRISED,72.89157104492188,-5.118980884552002,-0.030599946156144142,2.8055155277252197,0.6156437993049622,-12.83262825012207
1094,SURPRISED,64.80867004394531,-5.078742504119873,0.09650228172540665,2.9074723720550537,0.5470073819160461,-12.421902656555176
1095,CALM,45.65011215209961,-5.112837791442871,0.1328064203262329,2.8712737560272217,0.3725396692752838,-11.873063087463379
1096,CALM,45.37109375,-4.963881492614746,0.3097040057182312,2.6181507110595703,0.40616005659103394,-11.190655708312988
1097,CALM,40.83705139160156,-4.80291223526001,0.23558512330055237,2.2790749073028564,0.4426094591617584,-11.120004653930664
1098,CALM,43.48772430419922,-4.893840789794922,0.7272730469703674,2.333030939102173,1.6687718629837036,-10.92967414855957
1099,CALM,41.41834259033203,-4.652085304260254,0.6151040196418762,1.7116141319274902,1.7811769247055054,-11.626083374023438
1100,CALM,41.09281921386719,-4.7577362060546875,0.8454915285110474,1.8771734237670898,1.691650390625,-11.979117393493652
1101,SURPRISED,66.6493148803711,-4.6765313148498535,0.953468382358551,1.5728833675384521,1.5713965892791748,-11.591309547424316
1102,SURPRISED,82.123046875,-4.600236415863037,0.9423751831054688,0.963724672794342,1.4584938287734985,-11.682901382446289
1103,SURPRISED,81.537109375,-4.509305477142334,0.8457555770874023,0.7173939347267151,1.372873306274414,-11.638076782226562
1104,SURPRISED,70.80455780029297,-4.556785583496094,1.0315221548080444,0.5695304870605469,1.7073445320129395,-11.87568473815918
1105,SURPRISED,75.25421905517578,-4.7907538414001465,1.098143458366394,0.5895830392837524,2.0724048614501953,-11.707256317138672
1106,SURPRISED,63.837223052978516,-4.853703022003174,1.1725951433181763,0.6840229630470276,2.3516223430633545,-11.927605628967285
1107,SURPRISED,44.84629821777344,-4.984516620635986,0.9930770993232727,0.4750533401966095,2.1909120082855225,-11.022383689880371
1108,CALM,51.119144439697266,-4.918906211853027,1.04157555103302,0.13838070631027222,2.495222568511963,-10.855379104614258
1109,CALM,43.9992561340332,-4.886416912078857,1.1236321926116943,-0.7205648422241211,2.7806618213653564,-10.480863571166992
1110,SURPRISED,83.734375,-5.016442775726318,0.9658532738685608,-0.7883011698722839,3.0274147987365723,-10.121368408203125
1111,SURPRISED,96.74479675292969,-5.1546502113342285,0.8242033123970032,-0.976255476474762,2.8197999000549316,-10.670544624328613
1112,SURPRISED,98.78358459472656,-5.349586486816406,0.722831130027771,-1.1940199136734009,2.3755836486816406,-10.409642219543457
1113,SURPRISED,98.74931335449219,-5.363278865814209,0.5428654551506042,-0.7649158239364624,2.4074082374572754,-10.324270248413086
1114,SURPRISED,98.49232482910156,-5.158392906188965,0.9986570477485657,-0.7841699719429016,2.6084542274475098,-10.373271942138672
1115,SURPRISED,98.338134765625,-5.146861553192139,0.8409198522567749,-0.1449834704399109,2.4437084197998047,-10.610194206237793
1116,SURPRISED,97.51576232910156,-5.0568952560424805,0.6571746468544006,0.8217137455940247,2.437351942062378,-10.415611267089844
1117,SURPRISED,92.08470916748047,-4.909724235534668,0.7762039303779602,0.7849516272544861,2.9026939868927,-10.307915687561035
1118,SURPRISED,56.65715408325195,-4.819526672363281,0.7627663612365723,1.0322859287261963,3.49544095993042,-10.088775634765625
1119,CALM,78.828125,-4.610955715179443,1.4216561317443848,0.558713436126709,3.6394333839416504,-10.503003120422363
1120,CALM,91.83872985839844,-4.66957426071167,1.39145028591156,0.4638707637786865,3.3816730976104736,-10.045808792114258
1121,CALM,91.62946319580078,-4.528353691101074,1.56627357006073,0.35791027545928955,3.262115001678467,-9.984928131103516
1122,CALM,94.140625,-4.407200813293457,1.8785632848739624,0.2934528887271881,3.2330331802368164,-10.390461921691895
1123,CALM,92.74553680419922,-4.571366786956787,1.535157322883606,0.5776537656784058,3.124715805053711,-11.057402610778809
1124,CALM,94.76841735839844,-4.751777648925781,1.214719295501709,0.6072502732276917,3.2695279121398926,-11.520837783813477
1125,CALM,72.96875,-4.84468936920166,1.4245567321777344,0.6696608066558838,3.207615375518799,-12.369946479797363
1126,CALM,49.509857177734375,-4.875884532928467,1.4190099239349365,0.9079358577728271,3.6698577404022217,-12.530713081359863
1127,CALM,59.078128814697266,-4.660974502563477,1.8342585563659668,1.1352676153182983,3.614450454711914,-12.28171443939209
1128,CALM,84.833984375,-4.3706793785095215,2.093205451965332,1.622456431388855,3.4118471145629883,-11.988475799560547
1129,SURPRISED,45.801631927490234,-4.0834550857543945,2.121656894683838,2.1253392696380615,3.055310010910034,-11.372759819030762
1130,CALM,59.078128814697266,-4.093816757202148,2.4604785442352295,2.6682448387145996,2.743534564971924,-11.612990379333496
1131,CALM,56.978519439697266,-4.207255840301514,2.517303943634033,3.457287311553955,2.4805872440338135,-12.511399269104004
1132,CALM,57.955081939697266,-4.304935455322266,2.598308563232422,3.92659330368042,2.1941726207733154,-11.970272064208984
1133,CALM,52.876956939697266,-4.096356391906738,2.730752468109131,4.292806625366211,2.2734525203704834,-12.449705123901367
1134,CALM,46.4406623840332,-4.172492980957031,2.750885009765625,4.773707866668701,2.0388119220733643,-12.884248733520508
1135,SURPRISED,68.48995971679688,-4.185268878936768,3.068518877029419,5.465172290802002,1.6922723054885864,-12.321563720703125
1136,CALM,84.77294921875,-4.224270820617676,3.083385944366455,5.865755558013916,1.7418674230575562,-13.429596900939941
1137,CALM,88.1298828125,-4.108837604522705,3.1515917778015137,6.080517768859863,1.6424752473831177,-13.229554176330566
1138,CALM,86.72607421875,-4.196163177490234,3.1560781002044678,6.229409694671631,1.2442734241485596,-13.183514595031738
1139,SURPRISED,72.93094635009766,-4.368015766143799,3.2537407875061035,6.3922200202941895,1.3116366863250732,-13.560844421386719
1140,SURPRISED,98.90350341796875,-4.127633094787598,3.20233416557312,6.544726371765137,0.954399824142456,-14.145200729370117
1141,SURPRISED,99.58881378173828,-4.468446254730225,2.930008888244629,6.376955986022949,1.8102120161056519,-14.516197204589844
1142,SURPRISED,99.79440307617188,-4.547955513000488,2.438739776611328,6.280968189239502,2.2079577445983887,-14.011189460754395
1143,SURPRISED,99.89720916748047,-4.07636833190918,2.4518184661865234,6.044858455657959,2.1265673637390137,-13.791359901428223
1144,SURPRISED,99.82867431640625,-4.020298480987549,2.481717824935913,5.8305559158325195,2.237765073776245,-13.831317901611328
1145,SURPRISED,99.76014709472656,-4.510710716247559,2.1768720149993896,5.977440357208252,2.1091887950897217,-14.719338417053223
1146,SURPRISED,99.26329040527344,-4.564929008483887,2.2339096069335938,6.898644924163818,0.9789615869522095,-14.469191551208496
1147,SURPRISED,92.41022491455078,-4.347050666809082,2.6343791484832764,6.6128740310668945,1.3166805505752563,-13.789525032043457
1148,SURPRISED,66.26585388183594,-4.385365009307861,2.535672903060913,6.533932685852051,2.387498378753662,-14.045538902282715
1149,SURPRISED,74.70293426513672,-4.0947980880737305,2.7812416553497314,6.2740678787231445,2.4093518257141113,-13.721883773803711
1150,SURPRISED,72.69468688964844,-4.116306781768799,2.6740975379943848,5.81198263168335,2.233675479888916,-13.760951042175293
1151,SURPRISED,96.67626190185547,-4.171365261077881,2.6229050159454346,5.036874294281006,2.432258367538452,-13.578929901123047
1152,SURPRISED,93.93502807617188,-4.133744239807129,2.796152114868164,4.97091007232666,2.673931360244751,-13.072556495666504
1153,SURPRISED,61.0251350402832,-3.831465721130371,2.7933616638183594,4.484923839569092,2.9645283222198486,-12.358078956604004
1154,CALM,81.47705078125,-4.12454891204834,2.530367851257324,3.97281551361084,3.388540029525757,-12.81047248840332
1155,CALM,83.7353515625,-4.089673042297363,2.6312479972839355,3.458526849746704,3.143801689147949,-12.519105911254883
1156,CALM,54.244144439697266,-4.080653190612793,2.7811107635498047,2.171462059020996,3.330756664276123,-11.696008682250977
1157,SURPRISED,86.810546875,-3.9132776260375977,2.3005824089050293,1.5727204084396362,3.6643564701080322,-11.764993667602539
1158,SURPRISED,98.6807861328125,-4.217761993408203,2.200491189956665,0.25755569338798523,3.8328475952148438,-11.116249084472656
1159,SURPRISED,98.6807861328125,-4.063098430633545,2.33685564994812,0.5177507400512695,-1.7711842060089111,-12.231110572814941
1160,SURPRISED,98.71504974365234,-4.441143989562988,2.0015530586242676,1.2477778196334839,-13.752570152282715,-12.88241958618164
1161,SURPRISED,98.06400299072266,-4.505186557769775,1.8767961263656616,1.6582894325256348,-14.180424690246582,-13.20028305053711
1162,SURPRISED,98.61225128173828,-4.680286407470703,1.4747109413146973,1.6266365051269531,-14.334718704223633,-12.697699546813965
1163,SURPRISED,99.1604995727539,-4.68666934967041,1.0347942113876343,1.9456021785736084,-13.692458152770996,-12.897065162658691
1164,SURPRISED,98.56085968017578,-5.081618309020996,0.7062273025512695,2.5209479331970215,-14.344534873962402,-13.064845085144043
1165,SURPRISED,98.93777465820312,-5.008537292480469,0.5484926104545593,2.6681888103485107,-13.207327842712402,-12.567499160766602
1166,SURPRISED,97.94408416748047,-4.863393306732178,0.02505502849817276,2.631680965423584,-12.986981391906738,-12.639050483703613
1167,SURPRISED,99.55455017089844,-5.139373302459717,-0.49014541506767273,3.1044719219207764,-13.468804359436035,-12.480284690856934
1168,SURPRISED,99.48601531982422,-5.425274848937988,-1.309672236442566,3.670360803604126,-13.544215202331543,-12.12873363494873
1169,SURPRISED,99.8629379272461,-5.478886127471924,-1.6871583461761475,4.3954691886901855,-14.50741195678711,-12.465987205505371
1170,SURPRISED,99.89720916748047,-5.879409313201904,-2.2107348442077637,4.1664018630981445,-14.3936128616333,-12.459531784057617
1171,SURPRISED,99.89720916748047,-6.0090651512146,-2.720519781112671,4.285792350769043,-14.227306365966797,-12.623231887817383
1172,SURPRISED,99.82867431640625,-5.508084297180176,-3.020308256149292,4.386995315551758,-13.90804386138916,-12.50184440612793
1173,SURPRISED,99.43462371826172,-5.0842204093933105,-2.7226998805999756,4.4647932052612305,-12.888426780700684,-12.36243724822998
1174,SURPRISED,95.51123809814453,-5.055997848510742,-2.8750393390655518,4.127350330352783,-13.094331741333008,-11.97546100616455
1175,SURPRISED,94.50041198730469,-5.045769691467285,-2.7413206100463867,3.4707536697387695,-13.02702522277832,-12.095970153808594
1176,SURPRISED,95.7510986328125,-5.006906032562256,-2.8975131511688232,3.261812686920166,-12.881103515625,-12.760732650756836
1177,SURPRISED,94.58607482910156,-5.021678447723389,-3.1839189529418945,3.0828895568847656,-12.865800857543945,-13.140743255615234
1178,CALM,43.882999420166016,-5.129703998565674,-3.555163860321045,2.6921212673187256,-12.627093315124512,-14.063828468322754
1179,CALM,93.37332916259766,-5.033637046813965,-3.7227399349212646,2.480623245239258,-12.382265090942383,-13.667006492614746
1180,CALM,89.16748046875,-5.0700907707214355,-3.6642637252807617,2.244676351547241,-12.342568397521973,-13.68811321258545
1181,CALM,85.26123046875,-5.06496524810791,-3.790090322494507,1.9882615804672241,-12.323844909667969,-13.18635368347168
1182,CALM,83.7353515625,-5.227092266082764,-3.882681131362915,1.862217903137207,-12.40036678314209,-13.592950820922852
1183,CALM,76.38671875,-5.473242282867432,-3.8262786865234375,1.951533555984497,-12.206931114196777,-12.982357025146484
1184,CALM,82.69775390625,-5.469679832458496,-4.227699279785156,1.919107437133789,-11.911413192749023,-13.228599548339844
1185,CALM,81.84326171875,-5.677687644958496,-4.1158342361450195,1.9168124198913574,-11.846367835998535,-13.112385749816895
1186,CALM,85.078125,-5.791569232940674,-4.635757923126221,1.8969529867172241,-11.707077026367188,-12.821324348449707
1187,CALM,78.828125,-5.520586967468262,-4.641290664672852,2.008882522583008,-11.603882789611816,-12.888178825378418
1188,CALM,89.28955078125,-5.477431297302246,-4.935583114624023,2.0545461177825928,-11.583751678466797,-13.17182731628418
1189,CALM,96.86104583740234,-5.481586933135986,-4.97028112411499,2.2054855823516846,-10.990700721740723,-13.111298561096191
1190,SURPRISED,81.244140625,-5.63130521774292,-4.945121765136719,2.3700239658355713,-10.621819496154785,-13.674286842346191
1191,SURPRISED,96.50493621826172,-5.61520528793335,-5.215004920959473,2.82454776763916,-11.2478609085083,-14.065958976745605
1192,SURPRISED,97.5500259399414,-5.539222240447998,-5.265675067901611,2.8469109535217285,-11.253121376037598,-13.814188003540039
1193,SURPRISED,97.25877380371094,-5.497703552246094,-5.243499279022217,3.196810483932495,-10.952825546264648,-12.986804962158203
1194,SURPRISED,97.58429718017578,-5.496935844421387,-5.345160007476807,3.414830207824707,-10.536002159118652,-12.960716247558594
1195,SURPRISED,98.11540985107422,-5.440451145172119,-5.259490013122559,3.9977662563323975,-10.887181282043457,-12.914414405822754
1196,SURPRISED,98.71504974365234,-5.826968669891357,-5.372934818267822,4.701159477233887,-11.189340591430664,-14.23879623413086
1197,SURPRISED,99.3660888671875,-5.8332109451293945,-5.260716915130615,5.186441898345947,-11.365985870361328,-14.256078720092773
1198,SURPRISED,99.62308502197266,-5.835175037384033,-5.334101676940918,5.397757053375244,-11.537952423095703,-14.326542854309082
1199,SURPRISED,99.76014709472656,-5.762287139892578,-5.329949855804443,5.882270336151123,-10.685405731201172,-13.797974586486816
1200,SURPRISED,99.79440307617188,-5.887735366821289,-5.421731948852539,6.542003631591797,-10.853224754333496,-14.280486106872559
1201,SURPRISED,99.82867431640625,-5.7776288986206055,-5.185508728027344,6.877466678619385,-10.870868682861328,-14.401969909667969
1202,SURPRISED,99.79440307617188,-6.046938419342041,-5.41212797164917,7.248328685760498,-10.912801742553711,-14.309520721435547
1203,SURPRISED,99.62308502197266,-5.911621570587158,-5.2634429931640625,7.820762634277344,-10.807405471801758,-14.067156791687012
1204,SURPRISED,99.3660888671875,-5.797359943389893,-5.179240703582764,8.10590648651123,-10.925983428955078,-14.539141654968262
1205,SURPRISED,99.09197235107422,-5.923824310302734,-5.263844966888428,7.976778507232666,-10.826172828674316,-14.597197532653809
1206,SURPRISED,98.83497619628906,-6.062146186828613,-5.381283283233643,8.5150785446167,-10.860021591186523,-14.666285514831543
1207,SURPRISED,98.30386352539062,-6.044736385345459,-5.769986152648926,8.989641189575195,-10.00408935546875,-15.110278129577637
1208,SURPRISED,98.3895263671875,-6.421027183532715,-5.651719570159912,9.504422187805176,-10.183979034423828,-14.934796333312988
1209,SURPRISED,98.78358459472656,-6.3020219802856445,-5.797639846801758,9.770245552062988,-10.276256561279297,-15.230467796325684
1210,SURPRISED,98.21820068359375,-6.295215606689453,-5.834033489227295,10.211517333984375,-10.275030136108398,-15.279573440551758
1211,SURPRISED,98.3895263671875,-6.224099636077881,-5.75863790512085,10.366318702697754,-10.259779930114746,-15.406400680541992
1212,SURPRISED,98.08113861083984,-6.213956832885742,-5.7313995361328125,10.167620658874512,-10.37824821472168,-15.285672187805176
1213,SURPRISED,97.0703125,-6.177343368530273,-5.716778755187988,10.243831634521484,-9.872620582580566,-15.580021858215332
1214,SURPRISED,88.861328125,-5.96068811416626,-5.530390739440918,9.636908531188965,-9.930296897888184,-15.745412826538086
1215,SURPRISED,90.40570068359375,-6.067737102508545,-5.486931800842285,8.965965270996094,-10.033637046813965,-15.498129844665527
1216,SURPRISED,94.91159057617188,-6.1312408447265625,-5.198651313781738,8.462964057922363,-10.184863090515137,-15.159187316894531
1217,SURPRISED,95.15145111083984,-5.970109462738037,-5.394935607910156,8.582385063171387,-10.367274284362793,-15.109426498413086
1218,SURPRISED,95.10005950927734,-5.778823375701904,-5.237344741821289,8.17439079284668,-10.552009582519531,-14.439886093139648
1219,SURPRISED,94.67173767089844,-5.852026462554932,-5.231995582580566,7.425121307373047,-10.481953620910645,-13.272229194641113
1220,SURPRISED,90.6626968383789,-5.875250339508057,-5.274922847747803,6.388988971710205,-10.369176864624023,-12.712552070617676
1221,SURPRISED,79.90077209472656,-5.350760459899902,-5.22801399230957,5.836432456970215,-10.121796607971191,-12.918676376342773
1222,SURPRISED,90.32003784179688,-5.132889747619629,-4.605573654174805,4.840312480926514,-9.932387351989746,-11.971199035644531
1223,SURPRISED,98.338134765625,-5.3302106857299805,-4.860621929168701,4.240262031555176,-10.303481101989746,-12.12659740447998
1224,SURPRISED,99.79440307617188,-5.4702887535095215,-4.915510177612305,3.6808059215545654,-10.608174324035645,-13.136137962341309
1225,SURPRISED,99.82867431640625,-5.408392906188965,-4.632917881011963,3.028425455093384,-10.035301208496094,-12.4559326171875
1226,SURPRISED,99.93146514892578,-5.509932041168213,-4.4563212394714355,2.868870973587036,-10.755758285522461,-12.378878593444824
1227,SURPRISED,99.89720916748047,-5.54713249206543,-4.294205665588379,2.459852457046509,-10.066621780395508,-11.986328125
1228,SURPRISED,99.72587585449219,-6.0490312576293945,-4.2297043800354,2.386885404586792,-9.676438331604004,-11.896374702453613
1229,SURPRISED,93.00987243652344,-6.030726909637451,-4.551501274108887,2.3368098735809326,-9.726639747619629,-12.07164192199707
1230,CALM,49.951637268066406,-6.185264587402344,-4.162543773651123,2.4858927726745605,-9.642807006835938,-12.464463233947754
1231,CALM,54.195316314697266,-6.360233783721924,-4.309177875518799,2.726421594619751,-9.44277572631836,-11.829656600952148
1232,CALM,47.53348159790039,-6.420542240142822,-4.351393222808838,3.4250998497009277,-9.049857139587402,-11.82713508605957
1233,CALM,43.185455322265625,-6.332380771636963,-4.271462917327881,3.4949305057525635,-9.592488288879395,-12.03355884552002
1234,CALM,49.23084259033203,-6.499855041503906,-4.099841117858887,3.9407927989959717,-9.483537673950195,-12.730032920837402
1235,CALM,46.533668518066406,-6.60299825668335,-4.169460773468018,4.6395769119262695,-9.344700813293457,-16.365562438964844
1236,SURPRISED,78.44380187988281,-6.86795711517334,-4.473917007446289,4.175285816192627,-3.7775402069091797,-23.251062393188477
1237,SURPRISED,76.12052917480469,-7.668607234954834,-4.60770320892334,6.077213764190674,6.75961446762085,-17.2607479095459
1238,SURPRISED,70.80455780029297,-7.975366592407227,-4.814003944396973,7.54250431060791,10.250409126281738,-16.35924530029297
1239,SURPRISED,70.88331604003906,-8.328592300415039,-4.745917797088623,8.905438423156738,8.553360939025879,-14.434735298156738
1240,SURPRISED,80.072265625,-8.271903038024902,-5.1055192947387695,9.846712112426758,6.388703346252441,-12.462841033935547
1241,SURPRISED,79.90077209472656,-8.325233459472656,-5.1333441734313965,11.082497596740723,6.492842197418213,-11.197647094726562
1242,SURPRISED,79.54637145996094,-8.603453636169434,-4.950786113739014,12.152605056762695,6.163045406341553,-10.151240348815918
1243,SURPRISED,84.80859375,-8.677610397338867,-4.6341962814331055,12.622941017150879,6.431788444519043,-8.834357261657715
1244,SURPRISED,87.4453125,-9.101794242858887,-4.143229961395264,12.90100383758545,7.333548069000244,-8.61401081085205
1245,SURPRISED,94.41474914550781,-9.162168502807617,-4.201694965362549,12.363378524780273,5.083675384521484,-8.9131498336792
1246,SURPRISED,79.38886260986328,-8.593494415283203,-4.524393081665039,11.191542625427246,5.2148613929748535,-8.594196319580078
1247,SURPRISED,85.443359375,-8.314094543457031,-5.188214302062988,9.729043960571289,5.266242027282715,-11.911232948303223
1248,CALM,96.16350555419922,-7.916874885559082,-4.992452621459961,9.283807754516602,-1.3355878591537476,-21.682172775268555
1249,CALM,95.1171875,-7.658115863800049,-4.8158087730407715,6.975400924682617,-2.143096923828125,-18.69561004638672
1250,CALM,85.74951171875,-7.115947723388672,-4.115546226501465,5.6462178230285645,-5.1218414306640625,-16.606569290161133
1251,CALM,89.77783203125,-7.496822357177734,-4.435033321380615,3.312856912612915,-5.749144077301025,-15.569917678833008
1252,CALM,63.935546875,-7.806657314300537,-4.333179950714111,1.8194785118103027,-6.6274094581604,-13.869250297546387
1253,CALM,43.09244918823242,-7.4328932762146,-5.107516765594482,1.0627928972244263,-7.681302547454834,-13.208842277526855
1254,CALM,55.757816314697266,-7.199913501739502,-5.318575382232666,0.1715766042470932,-8.266104698181152,-11.643814086914062
1255,CALM,58.687503814697266,-7.2094407081604,-4.785098075866699,-0.21241015195846558,-8.416037559509277,-11.968544960021973
1256,CALM,55.757816314697266,-6.882162094116211,-5.500179767608643,-0.6320888996124268,-8.303571701049805,-11.344331741333008
1257,CALM,55.074222564697266,-6.508904457092285,-4.96358585357666,-0.7438642978668213,-8.625954627990723,-11.699264526367188
1258,CALM,50.337894439697266,-6.4933953285217285,-4.040390491485596,-0.49122074246406555,-8.51911735534668,-12.237778663635254
1259,SURPRISED,60.25820541381836,-6.264841079711914,-3.913369655609131,0.1759650707244873,-8.46528434753418,-12.177328109741211
1260,CALM,45.836124420166016,-6.279346942901611,-3.7319910526275635,1.1148664951324463,-8.201664924621582,-12.606197357177734
1261,CALM,49.27734375,-6.183837413787842,-3.939588785171509,2.088566780090332,-8.624794960021973,-12.941847801208496
1262,CALM,74.677734375,-6.286754608154297,-4.755804061889648,2.929135322570801,-8.465705871582031,-13.620828628540039
